symbol,articles
AMGN,"[{'source': {'id': None, 'name': 'ETF Daily News'}, 'author': 'MarketBeat News', 'title': 'Cantor Fitzgerald Increases Earnings Estimates for Amgen', 'description': 'Amgen Inc. (NASDAQ:AMGN – Free Report) – Equities research analysts at Cantor Fitzgerald lifted their FY2025 earnings per share estimates for Amgen in a research report issued on Wednesday, August 13th. Cantor Fitzgerald analyst C. Gould now expects that the …', 'url': 'https://www.etfdailynews.com/2025/08/15/cantor-fitzgerald-increases-earnings-estimates-for-amgen/', 'urlToImage': 'https://www.americanbankingnews.com/wp-content/timthumb/timthumb.php?src=https://www.marketbeat.com/logos/amgen-inc-logo-1200x675.jpg?v=20231228113741&w=240&h=240&zc=2', 'publishedAt': '2025-08-15T07:19:06Z', 'content': 'Amgen Inc. (NASDAQ:AMGN – Free Report) – Equities research analysts at Cantor Fitzgerald lifted their FY2025 earnings per share estimates for Amgen in a research report issued on Wednesday, August 13… [+6515 chars]'}, {'source': {'id': None, 'name': 'Yahoo Entertainment'}, 'author': 'Fatima Gulzar', 'title': 'Amgen Announces Bemarituzumab’s Successful Phase 3 Results in FGFR2b+ Gastric Cancer', 'description': 'Amgen Inc. (NASDAQ:AMGN) is among the 11 Best GLP-1 and Weight Loss Stocks to Invest in. Amgen Inc. (NASDAQ:AMGN) reported that the Phase 3 FORTITUDE-101...', 'url': 'https://finance.yahoo.com/news/amgen-announces-bemarituzumab-successful-phase-002005371.html', 'urlToImage': 'https://s.yimg.com/ny/api/res/1.2/Umivb7Omy8VqKH22zTmY9Q--/YXBwaWQ9aGlnaGxhbmRlcjt3PTEyMDA7aD02NzM-/https://media.zenfs.com/en/insidermonkey.com/51e557354b24b248245adac46ac0da45', 'publishedAt': '2025-08-12T00:20:05Z', 'content': 'Amgen Inc. (NASDAQ:AMGN) is among the 11 Best GLP-1 and Weight Loss Stocks to Invest in. Amgen Inc. (NASDAQ:AMGN) reported that the Phase 3 FORTITUDE-101 trial achieved its primary endpoint. It prove… [+1818 chars]'}]"
AAPL,"[{'source': {'id': None, 'name': 'ETF Daily News'}, 'author': 'MarketBeat News', 'title': 'Apple Inc. (NASDAQ:AAPL) Given Consensus Rating of “Moderate Buy” by Brokerages', 'description': 'Apple Inc. (NASDAQ:AAPL – Get Free Report) has received an average recommendation of “Moderate Buy” from the thirty-one analysts that are currently covering the firm, MarketBeat.com reports. Two investment analysts have rated the stock with a sell rating, ele…', 'url': 'https://www.etfdailynews.com/2025/08/18/apple-inc-nasdaqaapl-given-consensus-rating-of-moderate-buy-by-brokerages/', 'urlToImage': 'https://www.americanbankingnews.com/wp-content/timthumb/timthumb.php?src=https://www.marketbeat.com/logos/apple-inc-logo-1200x675.png&w=240&h=240&zc=2', 'publishedAt': '2025-08-18T05:56:52Z', 'content': 'Apple Inc. (NASDAQ:AAPL – Get Free Report) has received an average recommendation of “Moderate Buy” from the thirty-one analysts that are currently covering the firm, MarketBeat.com reports. Two inve… [+5469 chars]'}, {'source': {'id': None, 'name': 'TheStreet'}, 'author': 'Steve Symington', 'title': 'Bill Ackman pours billions into 2 tech stocks amid AI boom', 'description': 'The billionaire hedge fund manager is doubling down on AI, making Big Tech a quarter of his portfolio.', 'url': 'https://www.thestreet.com/technology/bill-ackman-pours-billions-into-2-tech-stocks-amid-ai-boom', 'urlToImage': 'https://media.zenfs.com/en/thestreet_881/2e9f337bd77df841af2065f80dc5fbe9', 'publishedAt': '2025-08-17T19:46:10Z', 'content': 'Bill Ackman pours billions into 2 tech stocks amid AI boom originally appeared on TheStreet.\r\nBill Ackman, the billionaire hedge fund manager behind Pershing Square Capital Management, continued to t… [+4891 chars]'}, {'source': {'id': None, 'name': 'Biztoc.com'}, 'author': 'finance.yahoo.com', 'title': 'AAPL Stock Price Prediction: Where Apple Could Be by 2025, 2026, and 2030', 'description': ""In this article:\nBenzinga and Yahoo Finance LLC may earn commission or revenue on some items through the links below.\nAnalysts are saying that Apple could hit $410 by 2030. Bullish on AAPL? Invest in Apple on SoFi with no commissions. If it's your first time …"", 'url': 'https://biztoc.com/x/248e45f7cd6909c6', 'urlToImage': 'https://biztoc.com/cdn/248e45f7cd6909c6_s.webp', 'publishedAt': '2025-08-17T16:33:12Z', 'content': 'In this article:Benzinga and Yahoo Finance LLC may earn commission or revenue on some items through the links below.Analysts are saying that Apple could hit $410 by 2030. Bullish on AAPL? Invest in A… [+148 chars]'}, {'source': {'id': None, 'name': 'Yahoo Entertainment'}, 'author': None, 'title': 'AAPL Stock Price Prediction: Where Apple Could Be by 2025, 2026, and 2030', 'description': None, 'url': 'https://consent.yahoo.com/v2/collectConsent?sessionId=1_cc-session_a257ed31-3439-41d3-8579-b0b1af4c1b0e', 'urlToImage': None, 'publishedAt': '2025-08-17T15:55:45Z', 'content': ""If you click 'Accept all', we and our partners, including 236 who are part of the IAB Transparency &amp; Consent Framework, will also store and/or access information on a device (in other words, use … [+714 chars]""}, {'source': {'id': None, 'name': 'GlobeNewswire'}, 'author': 'Pomerantz LLP', 'title': 'Pomerantz Law Firm Announces the Filing of a Class Action Against Apple Inc. and Certain Officers – AAPL', 'description': 'NEW YORK, Aug. 17, 2025 (GLOBE NEWSWIRE) -- Pomerantz LLP announces that a class action lawsuit has been filed against Apple Inc. (“Apple” or the “Company”) (NASDAQ: AAPL) and certain officers.\u202f\u202f The class action, filed in the United States District Court for…', 'url': 'https://www.globenewswire.com/news-release/2025/08/17/3134595/1087/en/Pomerantz-Law-Firm-Announces-the-Filing-of-a-Class-Action-Against-Apple-Inc-and-Certain-Officers-AAPL.html', 'urlToImage': None, 'publishedAt': '2025-08-17T13:43:00Z', 'content': 'NEW YORK, Aug. 17, 2025 (GLOBE NEWSWIRE) -- Pomerantz LLP announces that a class action lawsuit has been filed against Apple Inc. (Apple or the Company) (NASDAQ: AAPL) and certain officers. The class… [+10083 chars]'}]"
COST,"[{'source': {'id': None, 'name': 'ETF Daily News'}, 'author': 'MarketBeat News', 'title': 'Short Interest in United Homes Group, Inc. (NASDAQ:UHG) Rises By 77.3%', 'description': 'United Homes Group, Inc. (NASDAQ:UHG – Get Free Report) saw a significant increase in short interest in the month of July. As of July 31st, there was short interest totaling 161,300 shares, anincreaseof77.3% from the July 15th total of 91,000 shares. Currentl…', 'url': 'https://www.etfdailynews.com/2025/08/18/short-interest-in-united-homes-group-inc-nasdaquhg-rises-by-77-3/', 'urlToImage': 'https://www.americanbankingnews.com/wp-content/timthumb/timthumb.php?src=https://www.marketbeat.com/logos/united-homes-group-inc-logo-1200x675.png?v=20230407121218&w=240&h=240&zc=2', 'publishedAt': '2025-08-18T06:24:46Z', 'content': 'United Homes Group, Inc. (NASDAQ:UHG – Get Free Report) saw a significant increase in short interest in the month of July. As of July 31st, there was short interest totaling 161,300 shares, anincreas… [+3839 chars]'}, {'source': {'id': None, 'name': 'ETF Daily News'}, 'author': 'MarketBeat News', 'title': 'Borders & Southern Petroleum (LON:BOR) Shares Up 4.5% – Should You Buy?', 'description': 'Borders & Southern Petroleum plc (LON:BOR – Get Free Report) was up 4.5% during mid-day trading on Saturday . The stock traded as high as GBX 12.30 ($0.17) and last traded at GBX 11.50 ($0.16). Approximately 5,029,506 shares were traded during mid-day trading…', 'url': 'https://www.etfdailynews.com/2025/08/18/borders-southern-petroleum-lonbor-shares-up-4-5-should-you-buy/', 'urlToImage': 'https://www.americanbankingnews.com/wp-content/timthumb/timthumb.php?src=https://www.marketbeat.com/logos/borders--southern-petroleum-plc-logo-1200x675.png?v=20230117073053&w=240&h=240&zc=2', 'publishedAt': '2025-08-18T06:24:46Z', 'content': 'Borders &amp; Southern Petroleum plc (LON:BOR – Get Free Report) was up 4.5% during mid-day trading on Saturday . The stock traded as high as GBX 12.30 ($0.17) and last traded at GBX 11.50 ($0.16). A… [+1594 chars]'}, {'source': {'id': None, 'name': 'ETF Daily News'}, 'author': 'MarketBeat News', 'title': 'Shift4 Payments, Inc. (NYSE:FOUR) Given Consensus Rating of “Moderate Buy” by Brokerages', 'description': 'Shares of Shift4 Payments, Inc. (NYSE:FOUR – Get Free Report) have been assigned a consensus rating of “Moderate Buy” from the twenty-one brokerages that are presently covering the firm, MarketBeat reports. Five equities research analysts have rated the stock…', 'url': 'https://www.etfdailynews.com/2025/08/18/shift4-payments-inc-nysefour-given-consensus-rating-of-moderate-buy-by-brokerages/', 'urlToImage': 'https://www.americanbankingnews.com/wp-content/timthumb/timthumb.php?src=https://www.marketbeat.com/logos/shift4-payments-inc-logo-1200x675.jpg?v=20221117090822&w=240&h=240&zc=2', 'publishedAt': '2025-08-18T06:23:00Z', 'content': 'Shares of Shift4 Payments, Inc. (NYSE:FOUR – Get Free Report) have been assigned a consensus rating of “Moderate Buy” from the twenty-one brokerages that are presently covering the firm, MarketBeat r… [+5613 chars]'}, {'source': {'id': None, 'name': 'ETF Daily News'}, 'author': 'MarketBeat News', 'title': 'Analysts Set Viant Technology Inc. (NASDAQ:DSP) Target Price at $20.38', 'description': 'Shares of Viant Technology Inc. (NASDAQ:DSP – Get Free Report) have been assigned an average rating of “Buy” from the eight ratings firms that are currently covering the stock, Marketbeat Ratings reports. Seven equities research analysts have rated the stock …', 'url': 'https://www.etfdailynews.com/2025/08/18/analysts-set-viant-technology-inc-nasdaqdsp-target-price-at-20-38/', 'urlToImage': 'https://www.americanbankingnews.com/wp-content/timthumb/timthumb.php?src=https://www.marketbeat.com/logos/viant-technology-inc-logo-1200x675.jpg?v=20210521134405&w=240&h=240&zc=2', 'publishedAt': '2025-08-18T06:23:00Z', 'content': 'Shares of Viant Technology Inc. (NASDAQ:DSP – Get Free Report) have been assigned an average rating of “Buy” from the eight ratings firms that are currently covering the stock, Marketbeat Ratings rep… [+4700 chars]'}, {'source': {'id': None, 'name': 'ETF Daily News'}, 'author': 'MarketBeat News', 'title': 'Desjardins Boosts Stantec (TSE:STN) Price Target to C$158.00', 'description': 'Stantec (TSE:STN – Free Report) (NYSE:STN) had its target price boosted by Desjardins from C$153.00 to C$158.00 in a research report released on Friday,BayStreet.CA reports. Desjardins currently has a buy rating on the stock. Desjardins also issued estimates …', 'url': 'https://www.etfdailynews.com/2025/08/18/desjardins-boosts-stantec-tsestn-price-target-to-c158-00/', 'urlToImage': 'https://www.americanbankingnews.com/wp-content/timthumb/timthumb.php?src=https://www.marketbeat.com/logos/stantec-inc-logo.jpg&w=240&h=240&zc=2', 'publishedAt': '2025-08-18T06:14:46Z', 'content': 'Stantec (TSE:STN – Free Report) (NYSE:STN) had its target price boosted by Desjardins from C$153.00 to C$158.00 in a research report released on Friday,BayStreet.CA reports. Desjardins currently has … [+3513 chars]'}]"
AVGO,"[{'source': {'id': None, 'name': 'TheStreet'}, 'author': 'Silin Chen', 'title': 'Tiger Global buys more Nvidia, Amazon, exits surging tech stocks', 'description': 'Here are billionaire investor Chase Coleman’s latest moves.', 'url': 'https://www.thestreet.com/investing/tiger-global-buys-more-nvidia-amazon-exits-surging-tech-stocks', 'urlToImage': 'https://media.zenfs.com/en/thestreet_881/4de6b904d841f9734adec4d3d8cf9e3a', 'publishedAt': '2025-08-17T17:33:00Z', 'content': 'Tiger Global buys more Nvidia, Amazon, exits surging tech stocks originally appeared on TheStreet.\r\nBillionaire investor Chase Coleman started his career at Julian Robertsons legendary Tiger Manageme… [+4426 chars]'}, {'source': {'id': None, 'name': 'ETF Daily News'}, 'author': 'MarketBeat News', 'title': 'Infrastructure Stocks To Keep An Eye On – August 15th', 'description': 'NVIDIA, Alphabet, Broadcom, Coinbase Global, and Cisco Systems are the five Infrastructure stocks to watch today, according to MarketBeat’s stock screener tool. Infrastructure stocks are shares of companies that own, build, operate or maintain the physical as…', 'url': 'https://www.etfdailynews.com/2025/08/17/infrastructure-stocks-to-keep-an-eye-on-august-15th/', 'urlToImage': 'https://www.americanbankingnews.com/wp-content/timthumb/timthumb.php?src=https://www.marketbeat.com/logos/nvidia-co-logo-1200x675.jpg?v=20221020142916&w=240&h=240&zc=2', 'publishedAt': '2025-08-17T09:22:52Z', 'content': 'NVIDIA, Alphabet, Broadcom, Coinbase Global, and Cisco Systems are the five Infrastructure stocks to watch today, according to MarketBeat’s stock screener tool. Infrastructure stocks are shares of co… [+6344 chars]'}, {'source': {'id': None, 'name': 'ETF Daily News'}, 'author': 'MarketBeat News', 'title': 'Energy Stocks To Follow Now – August 14th', 'description': 'Tesla, Broadcom, AltC Acquisition, Expion360, GE Vernova, Caterpillar, and Palo Alto Networks are the seven Energy stocks to watch today, according to MarketBeat’s stock screener tool. Energy stocks are shares of publicly traded companies engaged in the explo…', 'url': 'https://www.etfdailynews.com/2025/08/17/energy-stocks-to-follow-now-august-14th/', 'urlToImage': 'https://www.americanbankingnews.com/wp-content/timthumb/timthumb.php?src=https://www.marketbeat.com/logos/tesla-inc-logo-1200x675.png?v=20221020135629&w=240&h=240&zc=2', 'publishedAt': '2025-08-17T07:36:58Z', 'content': 'Tesla, Broadcom, AltC Acquisition, Expion360, GE Vernova, Caterpillar, and Palo Alto Networks are the seven Energy stocks to watch today, according to MarketBeat’s stock screener tool. Energy stocks … [+7540 chars]'}, {'source': {'id': None, 'name': 'ETF Daily News'}, 'author': 'MarketBeat News', 'title': 'Broadcom’s (AVGO) Buy Rating Reiterated at The Goldman Sachs Group', 'description': 'The Goldman Sachs Group reissued their buy rating on shares of Broadcom (NASDAQ:AVGO – Free Report) in a report issued on Wednesday,Benzinga reports. They currently have a $340.00 price objective on the semiconductor manufacturer’s stock. A number of other eq…', 'url': 'https://www.etfdailynews.com/2025/08/16/broadcoms-avgo-buy-rating-reiterated-at-the-goldman-sachs-group/', 'urlToImage': 'https://www.americanbankingnews.com/wp-content/timthumb/timthumb.php?src=https://www.marketbeat.com/logos/broadcom-inc-logo.png?v=20231122110526&w=240&h=240&zc=2', 'publishedAt': '2025-08-16T06:52:52Z', 'content': 'The Goldman Sachs Group reissued their buy rating on shares of Broadcom (NASDAQ:AVGO – Free Report) in a report issued on Wednesday,Benzinga reports. They currently have a $340.00 price objective on … [+5795 chars]'}, {'source': {'id': 'the-times-of-india', 'name': 'The Times of India'}, 'author': 'Global Desk', 'title': 'US stock market today tumultuous: Dow hits record as UnitedHealth surges, S&P 500, Nasdaq, and semiconductor stocks fall due to inflation and looming Trump tariffs', 'description': 'US stock markets opened Friday on a turbulent note as investors weighed strong corporate moves against persistent inflation pressures. The Dow Jones Industrial Average hit a record intraday high of 45,203.52, fueled by gains in healthcare stocks. Meanwhile, t…', 'url': 'https://economictimes.indiatimes.com/news/international/us/us-stock-market-today-tumultuous-dow-hits-record-as-unitedhealth-surges-sp-500-nasdaq-and-semiconductor-stocks-fall-due-to-inflation-and-looming-trump-tariffs/articleshow/123323776.cms', 'urlToImage': 'https://img.etimg.com/thumb/msid-123323772,width-1200,height-630,imgsize-53960,overlay-economictimes/articleshow.jpg', 'publishedAt': '2025-08-15T15:38:44Z', 'content': 'U.S. stock markets opened Friday on a cautiously optimistic note, balancing strong corporate moves against lingering inflation concerns. Investors kept a close eye on sector rotations, big-name earni… [+8278 chars]'}]"
CMCSA,"[{'source': {'id': None, 'name': 'ETF Daily News'}, 'author': 'MarketBeat News', 'title': 'Comcast Corporation (NASDAQ:CMCSA) Given Consensus Rating of “Hold” by Analysts', 'description': 'Shares of Comcast Corporation (NASDAQ:CMCSA – Get Free Report) have been given an average rating of “Hold” by the twenty-seven research firms that are covering the stock, MarketBeat reports. Three investment analysts have rated the stock with a sell recommend…', 'url': 'https://www.etfdailynews.com/2025/08/18/comcast-corporation-nasdaqcmcsa-given-consensus-rating-of-hold-by-analysts/', 'urlToImage': 'https://www.americanbankingnews.com/wp-content/timthumb/timthumb.php?src=https://www.marketbeat.com/logos/comcast-co-logo-1200x675.jpg?v=20231213132334&w=240&h=240&zc=2', 'publishedAt': '2025-08-18T05:58:52Z', 'content': 'Shares of Comcast Corporation (NASDAQ:CMCSA – Get Free Report) have been given an average rating of “Hold” by the twenty-seven research firms that are covering the stock, MarketBeat reports. Three in… [+4894 chars]'}]"
EXPE,"[{'source': {'id': None, 'name': 'Yahoo Entertainment'}, 'author': 'Talha Qureshi', 'title': 'Citi Raised the Firm’s PT on Expedia Group (EXPE), Kept a Neutral Rating', 'description': 'Expedia Group, Inc. (NASDAQ:EXPE) is one of the Undervalued Cyclical Stocks to Buy According to Hedge Funds. On August 13, Citi raised the firm’s price...', 'url': 'https://finance.yahoo.com/news/citi-raised-firm-pt-expedia-042306259.html', 'urlToImage': 'https://s.yimg.com/ny/api/res/1.2/QVrugJeaIOoj4zfuD1N5Wg--/YXBwaWQ9aGlnaGxhbmRlcjt3PTEyMDA7aD02NzM-/https://media.zenfs.com/en/insidermonkey.com/15449db416a50ef098b44abffbbda12b', 'publishedAt': '2025-08-18T04:23:06Z', 'content': 'Expedia Group, Inc. (NASDAQ:EXPE) is one of the Undervalued Cyclical Stocks to Buy According to Hedge Funds. On August 13, Citi raised the firms price target on Expedia Group, Inc. (NASDAQ:EXPE) from… [+1406 chars]'}, {'source': {'id': None, 'name': 'Yahoo Entertainment'}, 'author': 'Hamna Asim', 'title': 'Cantor Fitzgerald Lifts Expedia Target (EXPE) to $200, Sees Steady Demand', 'description': 'Expedia Group, Inc. (NASDAQ:EXPE) is one of the top stocks sold by hedge funds. On July 23, Cantor Fitzgerald maintained a Neutral rating on EXPE and lifted ...', 'url': 'https://finance.yahoo.com/news/cantor-fitzgerald-lifts-expedia-target-071923690.html', 'urlToImage': 'https://s.yimg.com/ny/api/res/1.2/uc2TwtETbZ2FFvcj034nQA--/YXBwaWQ9aGlnaGxhbmRlcjt3PTEyMDA7aD04MDA-/https://media.zenfs.com/en/insidermonkey.com/c5370cbe664736d511b447e634a149d6', 'publishedAt': '2025-08-17T07:19:23Z', 'content': 'Expedia Group, Inc. (NASDAQ:EXPE) is one of the top stocks sold by hedge funds. On July 23, Cantor Fitzgerald maintained a Neutral rating on EXPE and lifted the price target to $200 from $170.\r\nThe r… [+2029 chars]'}, {'source': {'id': None, 'name': 'ETF Daily News'}, 'author': 'MarketBeat News', 'title': 'Best Airline Stocks Worth Watching – August 15th', 'description': 'Joby Aviation, American Airlines Group, Transdigm Group, United Airlines, RTX, Delta Air Lines, and Expedia Group are the seven Airline stocks to watch today, according to MarketBeat’s stock screener tool. Airline stocks are shares of publicly traded companie…', 'url': 'https://www.etfdailynews.com/2025/08/17/best-airline-stocks-worth-watching-august-15th/', 'urlToImage': 'https://www.americanbankingnews.com/wp-content/timthumb/timthumb.php?src=https://www.marketbeat.com/logos/joby-aviation-inc-logo-1200x675.jpg?v=20210816052119&w=240&h=240&zc=2', 'publishedAt': '2025-08-17T06:14:43Z', 'content': 'Joby Aviation, American Airlines Group, Transdigm Group, United Airlines, RTX, Delta Air Lines, and Expedia Group are the seven Airline stocks to watch today, according to MarketBeat’s stock screener… [+7807 chars]'}, {'source': {'id': None, 'name': 'ETF Daily News'}, 'author': 'MarketBeat News', 'title': 'Top Hotel Stocks To Follow Today – August 15th', 'description': 'Booking, Hilton Worldwide, Carnival, Expedia Group, Marriott International, Trip.com Group, and Ecolab are the seven Hotel stocks to watch today, according to MarketBeat’s stock screener tool. Hotel stocks are the shares of publicly traded companies that own,…', 'url': 'https://www.etfdailynews.com/2025/08/17/top-hotel-stocks-to-follow-today-august-15th/', 'urlToImage': 'https://www.americanbankingnews.com/wp-content/timthumb/timthumb.php?src=https://www.marketbeat.com/logos/booking-holdings-inc-logo-1200x675.jpg&w=240&h=240&zc=2', 'publishedAt': '2025-08-17T05:42:57Z', 'content': 'Booking, Hilton Worldwide, Carnival, Expedia Group, Marriott International, Trip.com Group, and Ecolab are the seven Hotel stocks to watch today, according to MarketBeat’s stock screener tool. Hotel … [+8866 chars]'}, {'source': {'id': None, 'name': 'ETF Daily News'}, 'author': 'MarketBeat News', 'title': 'Airline Stocks To Watch Now – August 14th', 'description': 'American Airlines Group, Expedia Group, United Airlines, LATAM Airlines Group, RTX, Delta Air Lines, and Joby Aviation are the seven Airline stocks to watch today, according to MarketBeat’s stock screener tool. Airline stocks are shares of publicly traded com…', 'url': 'https://www.etfdailynews.com/2025/08/16/airline-stocks-to-watch-now-august-14th/', 'urlToImage': 'https://www.americanbankingnews.com/wp-content/timthumb/timthumb.php?src=https://www.marketbeat.com/logos/american-airlines-group-inc-logo-1200x675.png?v=20221109142516&w=240&h=240&zc=2', 'publishedAt': '2025-08-16T05:52:55Z', 'content': 'American Airlines Group, Expedia Group, United Airlines, LATAM Airlines Group, RTX, Delta Air Lines, and Joby Aviation are the seven Airline stocks to watch today, according to MarketBeat’s stock scr… [+7813 chars]'}]"
GOOGL,"[{'source': {'id': None, 'name': 'TheStreet'}, 'author': 'Steve Symington', 'title': 'Bill Ackman pours billions into 2 tech stocks amid AI boom', 'description': 'The billionaire hedge fund manager is doubling down on AI, making Big Tech a quarter of his portfolio.', 'url': 'https://www.thestreet.com/technology/bill-ackman-pours-billions-into-2-tech-stocks-amid-ai-boom', 'urlToImage': 'https://media.zenfs.com/en/thestreet_881/2e9f337bd77df841af2065f80dc5fbe9', 'publishedAt': '2025-08-17T19:46:10Z', 'content': 'Bill Ackman pours billions into 2 tech stocks amid AI boom originally appeared on TheStreet.\r\nBill Ackman, the billionaire hedge fund manager behind Pershing Square Capital Management, continued to t… [+4891 chars]'}, {'source': {'id': None, 'name': 'TheStreet'}, 'author': 'Silin Chen', 'title': 'Tiger Global buys more Nvidia, Amazon, exits surging tech stocks', 'description': 'Here are billionaire investor Chase Coleman’s latest moves.', 'url': 'https://www.thestreet.com/investing/tiger-global-buys-more-nvidia-amazon-exits-surging-tech-stocks', 'urlToImage': 'https://media.zenfs.com/en/thestreet_881/4de6b904d841f9734adec4d3d8cf9e3a', 'publishedAt': '2025-08-17T17:33:00Z', 'content': 'Tiger Global buys more Nvidia, Amazon, exits surging tech stocks originally appeared on TheStreet.\r\nBillionaire investor Chase Coleman started his career at Julian Robertsons legendary Tiger Manageme… [+4426 chars]'}, {'source': {'id': None, 'name': 'ETF Daily News'}, 'author': 'MarketBeat News', 'title': 'Infrastructure Stocks To Keep An Eye On – August 15th', 'description': 'NVIDIA, Alphabet, Broadcom, Coinbase Global, and Cisco Systems are the five Infrastructure stocks to watch today, according to MarketBeat’s stock screener tool. Infrastructure stocks are shares of companies that own, build, operate or maintain the physical as…', 'url': 'https://www.etfdailynews.com/2025/08/17/infrastructure-stocks-to-keep-an-eye-on-august-15th/', 'urlToImage': 'https://www.americanbankingnews.com/wp-content/timthumb/timthumb.php?src=https://www.marketbeat.com/logos/nvidia-co-logo-1200x675.jpg?v=20221020142916&w=240&h=240&zc=2', 'publishedAt': '2025-08-17T09:22:52Z', 'content': 'NVIDIA, Alphabet, Broadcom, Coinbase Global, and Cisco Systems are the five Infrastructure stocks to watch today, according to MarketBeat’s stock screener tool. Infrastructure stocks are shares of co… [+6344 chars]'}, {'source': {'id': None, 'name': 'ETF Daily News'}, 'author': 'MarketBeat News', 'title': 'Zacks Research Issues Positive Outlook for Alphabet Earnings', 'description': 'Alphabet Inc. (NASDAQ:GOOGL – Free Report) – Zacks Research raised their Q1 2027 earnings estimates for Alphabet in a report released on Wednesday, August 13th. Zacks Research analyst Team now expects that the information services provider will earn $2.87 per…', 'url': 'https://www.etfdailynews.com/2025/08/17/zacks-research-issues-positive-outlook-for-alphabet-earnings/', 'urlToImage': 'https://www.americanbankingnews.com/wp-content/timthumb/timthumb.php?src=https://www.marketbeat.com/logos/google-inc-logo-1200x675.png&w=240&h=240&zc=2', 'publishedAt': '2025-08-17T07:01:04Z', 'content': 'Alphabet Inc. (NASDAQ:GOOGL – Free Report) – Zacks Research raised their Q1 2027 earnings estimates for Alphabet in a report released on Wednesday, August 13th. Zacks Research analyst Team now expect… [+6296 chars]'}, {'source': {'id': None, 'name': 'ETF Daily News'}, 'author': 'MarketBeat News', 'title': 'Best Space Stocks To Follow Today – August 15th', 'description': 'Alphabet, Berkshire Hathaway, Boeing, GE Aerospace, Bullish, Analog Devices, and Rocket Lab are the seven Space stocks to watch today, according to MarketBeat’s stock screener tool. Space stocks are shares of publicly traded companies whose core businesses in…', 'url': 'https://www.etfdailynews.com/2025/08/17/best-space-stocks-to-follow-today-august-15th/', 'urlToImage': 'https://www.americanbankingnews.com/wp-content/timthumb/timthumb.php?src=https://www.marketbeat.com/logos/google-inc-logo-1200x675.png&w=240&h=240&zc=2', 'publishedAt': '2025-08-17T05:42:58Z', 'content': 'Alphabet, Berkshire Hathaway, Boeing, GE Aerospace, Bullish, Analog Devices, and Rocket Lab are the seven Space stocks to watch today, according to MarketBeat’s stock screener tool. Space stocks are … [+7911 chars]'}]"
IRM,"[{'source': {'id': None, 'name': 'ETF Daily News'}, 'author': 'MarketBeat News', 'title': 'Comparing FactSet Research Systems (NYSE:FDS) and Iron Mountain (NYSE:IRM)', 'description': 'FactSet Research Systems (NYSE:FDS – Get Free Report) and Iron Mountain (NYSE:IRM – Get Free Report) are both large-cap business services companies, but which is the superior business? We will contrast the two companies based on the strength of their dividend…', 'url': 'https://www.etfdailynews.com/2025/08/16/comparing-factset-research-systems-nysefds-and-iron-mountain-nyseirm/', 'urlToImage': 'https://www.americanbankingnews.com/wp-content/timthumb/timthumb.php?src=https://www.marketbeat.com/logos/iron-mountain-incorporated-logo-1200x675.jpg?v=20221104142111&w=240&h=240&zc=2', 'publishedAt': '2025-08-16T07:32:56Z', 'content': 'FactSet Research Systems (NYSE:FDS – Get Free Report) and Iron Mountain (NYSE:IRM – Get Free Report) are both large-cap business services companies, but which is the superior business? We will contra… [+5293 chars]'}, {'source': {'id': None, 'name': 'Barchart.com'}, 'author': 'Kritika Sarmah', 'title': 'Is Wall Street Bullish or Bearish on Iron Mountain Stock?', 'description': 'Although Iron Mountain has trailed the broader market over the past year, Wall Street analysts continue to hold a highly bullish outlook on the stock’s...', 'url': 'https://www.barchart.com/story/news/34146074/is-wall-street-bullish-or-bearish-on-iron-mountain-stock', 'urlToImage': 'https://media.zenfs.com/en/barchart_com_477/e567ce02fb81a6c290583945c333adc0', 'publishedAt': '2025-08-14T11:43:36Z', 'content': 'With a market cap of\xa0$27.8 billion, Iron Mountain Incorporated (IRM) is a global leader in information management, storage, and data center services. Founded in 1951 and headquartered in New Hampshir… [+2190 chars]'}]"
ISRG,"[{'source': {'id': None, 'name': 'Yahoo Entertainment'}, 'author': 'Faheem Tahir', 'title': 'Bernstein Raises PT on Intuitive Surgical, Inc. (ISRG) to $685; Maintains ‘Outperform’ Rating', 'description': 'With a year-to-date decline in share price, along with strong hedge fund interest, Intuitive Surgical, Inc. (NASDAQ:ISRG) secures a place on our list of the ...', 'url': 'https://finance.yahoo.com/news/bernstein-raises-pt-intuitive-surgical-061751826.html', 'urlToImage': 'https://s.yimg.com/ny/api/res/1.2/Z9kg10IqlRqAqy0Oy5twZg--/YXBwaWQ9aGlnaGxhbmRlcjt3PTEyMDA7aD04MDA-/https://media.zenfs.com/en/insidermonkey.com/89c0b31c8a49a4b2c6733fddd0910df8', 'publishedAt': '2025-08-17T06:17:51Z', 'content': 'With a year-to-date decline in share price, along with strong hedge fund interest, Intuitive Surgical, Inc. (NASDAQ:ISRG) secures a place on our list of the 11 Best Rebound Stocks to Buy According to… [+1769 chars]'}, {'source': {'id': None, 'name': 'Yahoo Entertainment'}, 'author': 'Noor Ul Ain Rehman', 'title': 'Baird Raises PT on Intuitive Surgical (ISRG) to $600 From $590, Keeps an Overweight Rating', 'description': 'Intuitive Surgical, Inc. (NASDAQ:ISRG) is one of the best stocks to invest in for beginners. On July 24, Baird raised the firm’s price target on Intuitive...', 'url': 'https://finance.yahoo.com/news/baird-raises-pt-intuitive-surgical-014347721.html', 'urlToImage': 'https://s.yimg.com/ny/api/res/1.2/ay2EbLiBeLuUtSnAroSo5g--/YXBwaWQ9aGlnaGxhbmRlcjt3PTEyMDA7aD02NzM-/https://media.zenfs.com/en/insidermonkey.com/71b3dca72fccae86d80f11159f2a01a1', 'publishedAt': '2025-08-16T01:43:47Z', 'content': 'Intuitive Surgical, Inc. (NASDAQ:ISRG) is one of the best stocks to invest in for beginners. On July 24, Baird raised the firms price target on Intuitive Surgical, Inc. (NASDAQ:ISRG) to $600 from $59… [+1452 chars]'}]"
ECL,"[{'source': {'id': None, 'name': 'ETF Daily News'}, 'author': 'MarketBeat News', 'title': 'Top Hotel Stocks To Follow Today – August 15th', 'description': 'Booking, Hilton Worldwide, Carnival, Expedia Group, Marriott International, Trip.com Group, and Ecolab are the seven Hotel stocks to watch today, according to MarketBeat’s stock screener tool. Hotel stocks are the shares of publicly traded companies that own,…', 'url': 'https://www.etfdailynews.com/2025/08/17/top-hotel-stocks-to-follow-today-august-15th/', 'urlToImage': 'https://www.americanbankingnews.com/wp-content/timthumb/timthumb.php?src=https://www.marketbeat.com/logos/booking-holdings-inc-logo-1200x675.jpg&w=240&h=240&zc=2', 'publishedAt': '2025-08-17T05:42:57Z', 'content': 'Booking, Hilton Worldwide, Carnival, Expedia Group, Marriott International, Trip.com Group, and Ecolab are the seven Hotel stocks to watch today, according to MarketBeat’s stock screener tool. Hotel … [+8866 chars]'}, {'source': {'id': None, 'name': 'GlobeNewswire'}, 'author': 'Admiral Group PLC', 'title': 'Half-year report', 'description': '14\xa0August 2025  2025 Interim Results Highlights  Admiral Group reports excellent H1 2025 results \xa0Six months ended:\xa0\xa030 June 202530 June 2024% change...', 'url': 'https://www.globenewswire.com/news-release/2025/08/14/3133176/0/en/Half-year-report.html', 'urlToImage': 'https://ml-eu.globenewswire.com/Resource/Download/5f4bde37-efde-4532-a216-0e9d1981ad6f', 'publishedAt': '2025-08-14T06:00:00Z', 'content': '14\xa0August 2025\r\n2025 Interim Results Highlights\r\nAdmiral Group reports excellent H1 2025 results\r\n<table><tr><td>\xa0</td><td>Six months ended:</td><td>\xa0</td></tr><tr><td>\xa0</td><td>30 June 2025</td><td>… [+252744 chars]'}, {'source': {'id': None, 'name': 'BusinessLine'}, 'author': 'KS Badri Narayanan, Team BL', 'title': 'Stock Market Highlights 14 August 2025: Sensex, Nifty end flat after volatile session as investors await outcome of US-Russia talks', 'description': 'Sensex, Nifty, Share Price Highlights: Benchmark stock indices Sensex and Nifty ended flat in a highly volatile trade on Thursday with investors taking a wait-and-see approach ahead of the US-Russia talks.\n\nExtending gains to the second day, the 30-share BSE …', 'url': 'https://www.thehindubusinessline.com/markets/share-market-nifty-sensex-highlights-updates-14-august-2025/article69929676.ece', 'urlToImage': 'https://bl-i.thgim.com/public/incoming/2tvgjk/article69919894.ece/alternates/LANDSCAPE_1200/Stock%20market%20live%20today.jpg', 'publishedAt': '2025-08-13T15:12:18Z', 'content': 'Stock Market Today | Share Market Highlights - Find here all the live updates related to Sensex, Nifty, BSE, NSE share prices and Indian stock markets for 14 August 2025.<li></li>\r\n16:26 | August 14,… [+68097 chars]'}, {'source': {'id': None, 'name': 'Plos.org'}, 'author': 'Mohammed Rizwan Babu Sait, Lana H. Jachmann, Gözde Türköz, Milica Milivojevic, Celia Llorente-Sáez, Soniya Dhanjal, Fabian Schumacher, Sara Henriksson, Naga Venkata Gayathri Vegesna, Noha Seddik, Anastasiia Chaban, Partha Mohanty, Magnus Ölander, Samada Muraleedharan, Sepideh Farmand Azadeh, Burkhard Kleuser, Bernhard Schmierer, Barbara S. Sixt', 'title': 'Genome-wide identification of modulators of Chlamydia trachomatis parasitophorous vacuole stability highlights an important role for sphingolipid supply', 'description': 'Intracellular pathogens like Chlamydia trachomatis evade host defenses by preserving vacuole integrity. Using a genome-wide screen, this study shows that the effector CpoS maintains the stability of Chlamydia’s parasitophorous vacuole, and early vacuole desta…', 'url': 'https://journals.plos.org/plosbiology/article?id=10.1371/journal.pbio.3003297', 'urlToImage': 'https://journals.plos.org/plosbiology/article/figure/image?id=10.1371/journal.pbio.3003297.g008&size=inline', 'publishedAt': '2025-08-12T14:00:00Z', 'content': 'Citation: Babu Sait MR, Jachmann LH, Türköz G, Milivojevic M, Llorente-Sáez C, Dhanjal S, et al. (2025) Genome-wide identification of modulators of Chlamydia trachomatis parasitophorous vacuole stabi… [+113661 chars]'}]"
ABBV,"[{'source': {'id': None, 'name': 'ETF Daily News'}, 'author': 'MarketBeat News', 'title': 'Rep. Marjorie Taylor Greene Purchases Shares of AbbVie Inc. (NYSE:ABBV)', 'description': 'Representative Marjorie Taylor Greene (R-Georgia) recently bought shares of AbbVie Inc. (NYSE:ABBV). In a filing disclosed on August 15th, the Representative disclosed that they had bought between $1,001 and $15,000 in AbbVie stock on August 4th. Representati…', 'url': 'https://www.etfdailynews.com/2025/08/17/rep-marjorie-taylor-greene-purchases-shares-of-abbvie-inc-nyseabbv/', 'urlToImage': 'https://www.americanbankingnews.com/wp-content/timthumb/timthumb.php?src=https://www.marketbeat.com/logos/abbvie-inc-logo-1200x675.jpg&w=240&h=240&zc=2', 'publishedAt': '2025-08-17T06:04:59Z', 'content': 'Representative Marjorie Taylor Greene (R-Georgia) recently bought shares of AbbVie Inc. (NYSE:ABBV). In a filing disclosed on August 15th, the Representative disclosed that they had bought between $1… [+7513 chars]'}, {'source': {'id': None, 'name': 'ETF Daily News'}, 'author': 'MarketBeat News', 'title': 'Best Biotech Stocks To Add to Your Watchlist – August 15th', 'description': 'Thermo Fisher Scientific, AbbVie, Bloom Energy, Vertex Pharmaceuticals, Danaher, Lumentum, and Fabrinet are the seven Biotech stocks to watch today, according to MarketBeat’s stock screener tool. Biotech stocks are shares of publicly traded companies that use…', 'url': 'https://www.etfdailynews.com/2025/08/17/best-biotech-stocks-to-add-to-your-watchlist-august-15th/', 'urlToImage': 'https://www.americanbankingnews.com/wp-content/timthumb/timthumb.php?src=https://www.marketbeat.com/logos/thermo-fisher-scient-logo-1200x675.jpg&w=240&h=240&zc=2', 'publishedAt': '2025-08-17T05:42:55Z', 'content': 'Thermo Fisher Scientific, AbbVie, Bloom Energy, Vertex Pharmaceuticals, Danaher, Lumentum, and Fabrinet are the seven Biotech stocks to watch today, according to MarketBeat’s stock screener tool. Bio… [+8561 chars]'}, {'source': {'id': None, 'name': 'ETF Daily News'}, 'author': 'MarketBeat News', 'title': 'Mitsubishi UFJ Asset Management Co. Ltd. Boosts Holdings in REGENXBIO Inc. (NASDAQ:RGNX)', 'description': 'Mitsubishi UFJ Asset Management Co. Ltd. grew its position in shares of REGENXBIO Inc. (NASDAQ:RGNX – Free Report) by 9.1% during the first quarter, according to its most recent disclosure with the Securities & Exchange Commission. The firm owned 27,756 share…', 'url': 'https://www.etfdailynews.com/2025/08/15/mitsubishi-ufj-asset-management-co-ltd-boosts-holdings-in-regenxbio-inc-nasdaqrgnx/', 'urlToImage': 'https://www.americanbankingnews.com/wp-content/timthumb/timthumb.php?src=https://www.marketbeat.com/logos/regenxbio-inc-logo-1200x675.png&w=240&h=240&zc=2', 'publishedAt': '2025-08-15T07:47:03Z', 'content': 'Mitsubishi UFJ Asset Management Co. Ltd. grew its position in shares of REGENXBIO Inc. (NASDAQ:RGNX – Free Report) by 9.1% during the first quarter, according to its most recent disclosure with the S… [+4196 chars]'}, {'source': {'id': None, 'name': 'Pypi.org'}, 'author': 'minhal@example.com', 'title': 'qvest added to PyPI', 'description': 'IBM Quantum-powered portfolio optimization CLI tool', 'url': 'https://pypi.org/project/qvest/', 'urlToImage': 'https://pypi.org/static/images/twitter.abaf4b19.webp', 'publishedAt': '2025-08-14T14:07:24Z', 'content': 'Q VEST is a quantum-powered investment portfolio optimization CLI tool that leverages IBM Quantum computers to find optimal asset allocations using advanced quantum algorithms.\r\n Features\r\n<ul><li>Qu… [+5087 chars]'}, {'source': {'id': None, 'name': 'Thedividendguyblog.com'}, 'author': 'DivGuy', 'title': 'Understanding Payout Ratios: Is the Dividend Safe?', 'description': 'Many investors like to keep things simple and use the payout ratio as a quick filter to determine if a company can afford to share the wealth with its shareholders. It often looks like this: Payout ratio under 80% = dividend is safe Payout ratio above 80% = d…', 'url': 'https://thedividendguyblog.com/use-payout-ratios-wisely/', 'urlToImage': 'https://thedividendguyblog.com/wp-content/themes/leia-en/imagenes/2025/08/understanding-payout-ratios.png', 'publishedAt': '2025-08-14T10:32:03Z', 'content': 'Many investors like to keep things simple and use the payout ratio as a quick filter to determine if a company can afford to share the wealth with its shareholders. It often looks like this:\r\n<ul><li… [+8477 chars]'}]"
AEP,"[{'source': {'id': None, 'name': 'GlobeNewswire'}, 'author': 'Raymond James Financial', 'title': 'Raymond James Welcomes $1.8 Billion Financial Advisor Team in New Jersey and Florida', 'description': 'St. Petersburg, Fla., Aug. 14, 2025 (GLOBE NEWSWIRE) -- Raymond James recently welcomed a team of 16 financial advisors to Raymond James Financial Services (RJFS) – the firm’s independent advisor channel – according to Alex David, Northeast division director …', 'url': 'https://www.globenewswire.com/news-release/2025/08/14/3133697/0/en/Raymond-James-Welcomes-1-8-Billion-Financial-Advisor-Team-in-New-Jersey-and-Florida.html', 'urlToImage': 'https://ml.globenewswire.com/Resource/Download/4b166599-48eb-4dfb-8241-1e5ad459617b', 'publishedAt': '2025-08-14T15:43:00Z', 'content': 'St. Petersburg, Fla., Aug. 14, 2025 (GLOBE NEWSWIRE) -- Raymond James recently welcomed a team of 16 financial advisors to Raymond James Financial Services (RJFS) the firms independent advisor channe… [+5106 chars]'}]"
HD,"[{'source': {'id': None, 'name': 'ETF Daily News'}, 'author': 'MarketBeat News', 'title': 'Home Depot (HD) to Release Quarterly Earnings on Tuesday', 'description': 'Home Depot (NYSE:HD – Get Free Report) is expected to announce its Q2 2026 earnings results before the market opens on Tuesday, August 19th. Analysts expect the company to announce earnings of $4.71 per share and revenue of $45.43 billion for the quarter. Hom…', 'url': 'https://www.etfdailynews.com/2025/08/18/home-depot-hd-to-release-quarterly-earnings-on-tuesday/', 'urlToImage': 'https://www.americanbankingnews.com/wp-content/timthumb/timthumb.php?src=https://www.marketbeat.com/logos/home-depot-logo-1200x675.gif&w=240&h=240&zc=2', 'publishedAt': '2025-08-18T05:38:45Z', 'content': 'Home Depot (NYSE:HD – Get Free Report) is expected to announce its Q2 2026 earnings results before the market opens on Tuesday, August 19th. Analysts expect the company to announce earnings of $4.71 … [+5968 chars]'}, {'source': {'id': None, 'name': 'Yahoo Entertainment'}, 'author': 'Ramish Cheema', 'title': 'The Home Depot, Inc. (HD) Is A Thesis Play On Rate Cuts, Says Jim Cramer', 'description': 'We recently published 12 Latest Stocks On Jim Cramer’s Radar. The Home Depot, Inc. (NYSE:HD) is one of the stocks Jim Cramer recently discussed. The Home...', 'url': 'https://finance.yahoo.com/news/home-depot-inc-hd-thesis-210644553.html', 'urlToImage': 'https://s.yimg.com/ny/api/res/1.2/f2nsM7Q8Sc2hKIpLCmjW5A--/YXBwaWQ9aGlnaGxhbmRlcjt3PTEyMDA7aD02NzM-/https://media.zenfs.com/en/insidermonkey.com/303b4d43069e5ac75fa4b5fa57ed778f', 'publishedAt': '2025-08-17T21:06:44Z', 'content': 'We recently published 12 Latest Stocks On Jim Cramers Radar. The Home Depot, Inc. (NYSE:HD) is one of the stocks Jim Cramer recently discussed.\r\nThe Home Depot, Inc. (NYSE:HD) is a home improvement p… [+1868 chars]'}, {'source': {'id': None, 'name': 'TheStreet'}, 'author': 'Charley Blaine', 'title': ""Walmart's view on tariff impacts will move this week's markets"", 'description': 'Earnings season shifts to a week heavy in results from retailers.', 'url': 'https://www.thestreet.com/investing/stocks/walmarts-view-on-tariff-effects-will-move-markets', 'urlToImage': 'https://media.zenfs.com/en/thestreet_881/a68d60cdbf18d4e65ea4fb07ee2259fb', 'publishedAt': '2025-08-17T13:15:32Z', 'content': ""Walmart's view on tariff impacts will move this week's markets originally appeared on TheStreet.\r\nThis has been a summer where big tech has largely showered us with huge earnings, bigger estimates of… [+5344 chars]""}, {'source': {'id': None, 'name': 'Yahoo Entertainment'}, 'author': 'Myles Udland', 'title': ""Powell's Jackson Hole speech, Walmart earnings: What to watch this week"", 'description': ""Chair Powell's policy speech Friday in Jackson Hole will be the defining monetary policy event of the summer."", 'url': 'https://finance.yahoo.com/news/powells-jackson-hole-speech-walmart-earnings-what-to-watch-this-week-113502376.html', 'urlToImage': 'https://s.yimg.com/ny/api/res/1.2/0ZYuRes_bH3FvmlN9Tok2g--/YXBwaWQ9aGlnaGxhbmRlcjt3PTEyMDA7aD04MDA-/https://s.yimg.com/os/creatr-uploaded-images/2024-08/a4a53e20-5d59-11ef-8f63-7c1cf7e168c2', 'publishedAt': '2025-08-17T11:35:02Z', 'content': 'The investing world will turn its attention to northwestern Wyoming in the week ahead, with Federal Reserve Chair Jerome Powell set to give his most important policy speech of the year on Friday at t… [+7318 chars]'}, {'source': {'id': None, 'name': 'Investopedia'}, 'author': 'Sarina Trangle', 'title': ""Home-Improvement Chains' Earnings Could Show How Affluent Americans Are Spending"", 'description': 'Homeowners who are relatively affluent have been putting off renovations, despite having the means to fund them, top DIY suppliers have said.', 'url': 'https://www.investopedia.com/home-improvement-chains-earnings-could-show-how-affluent-americans-are-spending-home-depot-lows-11791693', 'urlToImage': 'https://s.yimg.com/ny/api/res/1.2/yCInAc.gxJ.pFspI8wdt4w--/YXBwaWQ9aGlnaGxhbmRlcjt3PTEyMDA7aD04MDA-/https://media.zenfs.com/en/investopedia_245/b7058f3d701fe11e12fc0fdf080bbbb9', 'publishedAt': '2025-08-17T09:00:00Z', 'content': ""Patrick T. Fallon / AFP via Getty Images \r\n Home Depot is slated to report second-quarter results on Tuesday\r\n<ul><li>Home Depot and Lowe's have said the homeowners who typically turn to them for rem… [+3525 chars]""}]"
ADP,"[{'source': {'id': None, 'name': 'ETF Daily News'}, 'author': 'MarketBeat News', 'title': 'Leerink Partnrs Has Optimistic Outlook of ADAP Q3 Earnings', 'description': 'Adaptimmune Therapeutics PLC (NASDAQ:ADAP – Free Report) – Stock analysts at Leerink Partnrs upped their Q3 2025 earnings per share (EPS) estimates for Adaptimmune Therapeutics in a report released on Wednesday, August 13th. Leerink Partnrs analyst J. Chang n…', 'url': 'https://www.etfdailynews.com/2025/08/18/leerink-partnrs-has-optimistic-outlook-of-adap-q3-earnings/', 'urlToImage': 'https://www.americanbankingnews.com/wp-content/timthumb/timthumb.php?src=https://www.marketbeat.com/logos/adaptimmune-therapeutics-plc-logo-1200x675.png?v=20221219115240&w=240&h=240&zc=2', 'publishedAt': '2025-08-18T06:31:21Z', 'content': 'Adaptimmune Therapeutics PLC (NASDAQ:ADAP – Free Report) – Stock analysts at Leerink Partnrs upped their Q3 2025 earnings per share (EPS) estimates for Adaptimmune Therapeutics in a report released o… [+5173 chars]'}, {'source': {'id': None, 'name': 'ETF Daily News'}, 'author': 'MarketBeat News', 'title': 'Automatic Data Processing (NASDAQ:ADP) Shares Unloaded Rep. Lisa C. McClain', 'description': 'Representative Lisa C. McClain (R-Michigan) recently sold shares of Automatic Data Processing, Inc. (NASDAQ:ADP). In a filing disclosed on August 13th, the Representative disclosed that they had sold between $1,001 and $15,000 in Automatic Data Processing sto…', 'url': 'https://www.etfdailynews.com/2025/08/18/automatic-data-processing-nasdaqadp-shares-unloaded-rep-lisa-c-mcclain/', 'urlToImage': 'https://www.americanbankingnews.com/wp-content/timthumb/timthumb.php?src=https://www.marketbeat.com/logos/automatic-data-processing-logo-1200x675.png&w=240&h=240&zc=2', 'publishedAt': '2025-08-18T06:05:03Z', 'content': 'Representative Lisa C. McClain (R-Michigan) recently sold shares of Automatic Data Processing, Inc. (NASDAQ:ADP). In a filing disclosed on August 13th, the Representative disclosed that they had sold… [+7088 chars]'}, {'source': {'id': None, 'name': 'ETF Daily News'}, 'author': 'MarketBeat News', 'title': 'Adaptimmune Therapeutics PLC (NASDAQ:ADAP) Short Interest Up 115.2% in July', 'description': 'Adaptimmune Therapeutics PLC (NASDAQ:ADAP – Get Free Report) was the recipient of a significant increase in short interest in the month of July. As of July 31st, there was short interest totaling 8,350,000 shares, anincreaseof115.2% from the July 15th total o…', 'url': 'https://www.etfdailynews.com/2025/08/17/adaptimmune-therapeutics-plc-nasdaqadap-short-interest-up-115-2-in-july/', 'urlToImage': 'https://www.americanbankingnews.com/wp-content/timthumb/timthumb.php?src=https://www.marketbeat.com/logos/adaptimmune-therapeutics-plc-logo-1200x675.png?v=20221219115240&w=240&h=240&zc=2', 'publishedAt': '2025-08-17T06:42:46Z', 'content': 'Adaptimmune Therapeutics PLC (NASDAQ:ADAP – Get Free Report) was the recipient of a significant increase in short interest in the month of July. As of July 31st, there was short interest totaling 8,3… [+5164 chars]'}, {'source': {'id': 'espn', 'name': 'ESPN'}, 'author': 'Mike Clay', 'title': 'Ultimate Draft Board: Perfect picks for every round in a 12-team league', 'description': 'Mike Clay provides his blueprint for 2025 fantasy football drafts, including ideal selections in each round and overall strategy.', 'url': 'https://www.espn.com/fantasy/football/story/_/id/45944596/2025-fantasy-football-rankings-draft-strategy-best-picks-round', 'urlToImage': 'https://a.espncdn.com/combiner/i?img=%2Fphoto%2F2025%2F0815%2Ffan_mike_clay_ultimate_draft_board_16x9.jpg', 'publishedAt': '2025-08-16T11:53:16Z', 'content': ""Fantasy football drafts are all about collecting the best possible values, but we all know those special players exist whom we badly want on our squad.\r\nWhether it's the young, up-and-coming wide rec… [+20111 chars]""}, {'source': {'id': None, 'name': 'ETF Daily News'}, 'author': 'MarketBeat News', 'title': 'IDEAYA Biosciences, Inc. (NASDAQ:IDYA) Shares Purchased by Deutsche Bank AG', 'description': 'Deutsche Bank AG boosted its holdings in IDEAYA Biosciences, Inc. (NASDAQ:IDYA – Free Report) by 25.3% during the first quarter, according to its most recent Form 13F filing with the SEC. The fund owned 467,461 shares of the company’s stock after acquiring an…', 'url': 'https://www.etfdailynews.com/2025/08/16/ideaya-biosciences-inc-nasdaqidya-shares-purchased-by-deutsche-bank-ag/', 'urlToImage': 'https://www.americanbankingnews.com/wp-content/timthumb/timthumb.php?src=https://www.marketbeat.com/logos/ideaya-biosciences-inc-logo-1200x675.jpg?v=20210329134855&w=240&h=240&zc=2', 'publishedAt': '2025-08-16T08:44:58Z', 'content': 'Deutsche Bank AG boosted its holdings in IDEAYA Biosciences, Inc. (NASDAQ:IDYA – Free Report) by 25.3% during the first quarter, according to its most recent Form 13F filing with the SEC. The fund ow… [+5227 chars]'}]"
AVY,"[{'source': {'id': None, 'name': 'ETF Daily News'}, 'author': 'MarketBeat News', 'title': 'Headlands Technologies LLC Has $36,000 Stock Holdings in Avery Dennison Corporation (NYSE:AVY)', 'description': 'Headlands Technologies LLC cut its stake in shares of Avery Dennison Corporation (NYSE:AVY – Free Report) by 52.3% during the first quarter, Holdings Channel reports. The firm owned 201 shares of the industrial products company’s stock after selling 220 share…', 'url': 'https://www.etfdailynews.com/2025/08/14/headlands-technologies-llc-has-36000-stock-holdings-in-avery-dennison-corporation-nyseavy/', 'urlToImage': 'https://www.americanbankingnews.com/wp-content/timthumb/timthumb.php?src=https://www.marketbeat.com/logos/avery-dennison-corpo-logo-1200x675.jpg&w=240&h=240&zc=2', 'publishedAt': '2025-08-14T07:57:07Z', 'content': 'Headlands Technologies LLC cut its stake in shares of Avery Dennison Corporation (NYSE:AVY – Free Report) by 52.3% during the first quarter, Holdings Channel reports. The firm owned 201 shares of the… [+5188 chars]'}]"
EQR,"[{'source': {'id': None, 'name': 'ETF Daily News'}, 'author': 'MarketBeat News', 'title': 'Equity Residential’s (EQR) “Sector Perform” Rating Reiterated at Scotiabank', 'description': 'Scotiabank reissued their sector perform rating on shares of Equity Residential (NYSE:EQR – Free Report) in a report published on Thursday, MarketBeat reports. They currently have a $77.00 target price on the real estate investment trust’s stock, down from th…', 'url': 'https://www.etfdailynews.com/2025/08/17/equity-residentials-eqr-sector-perform-rating-reiterated-at-scotiabank/', 'urlToImage': 'https://www.americanbankingnews.com/wp-content/timthumb/timthumb.php?src=https://www.marketbeat.com/logos/equity-residential-logo.jpg&w=240&h=240&zc=2', 'publishedAt': '2025-08-17T06:38:47Z', 'content': 'Scotiabank reissued their sector perform rating on shares of Equity Residential (NYSE:EQR – Free Report) in a report published on Thursday, MarketBeat reports. They currently have a $77.00 target pri… [+5085 chars]'}, {'source': {'id': None, 'name': 'ETF Daily News'}, 'author': 'MarketBeat News', 'title': 'Equity Residential (NYSE:EQR) Stock Position Increased by LPL Financial LLC', 'description': 'LPL Financial LLC boosted its holdings in shares of Equity Residential (NYSE:EQR – Free Report) by 1.8% during the 1st quarter, according to its most recent disclosure with the Securities and Exchange Commission. The firm owned 61,979 shares of the real estat…', 'url': 'https://www.etfdailynews.com/2025/08/15/equity-residential-nyseeqr-stock-position-increased-by-lpl-financial-llc/', 'urlToImage': 'https://www.americanbankingnews.com/wp-content/timthumb/timthumb.php?src=https://www.marketbeat.com/logos/equity-residential-logo-1200x675.jpg&w=240&h=240&zc=2', 'publishedAt': '2025-08-15T08:02:50Z', 'content': 'LPL Financial LLC boosted its holdings in shares of Equity Residential (NYSE:EQR – Free Report) by 1.8% during the 1st quarter, according to its most recent disclosure with the Securities and Exchang… [+5439 chars]'}, {'source': {'id': None, 'name': 'ETF Daily News'}, 'author': 'MarketBeat News', 'title': 'Barclays Has Lowered Expectations for Equity Residential (NYSE:EQR) Stock Price', 'description': 'Equity Residential (NYSE:EQR – Free Report) had its price objective cut by Barclays from $83.00 to $81.00 in a research note published on Tuesday,Benzinga reports. They currently have an overweight rating on the real estate investment trust’s stock. Several o…', 'url': 'https://www.etfdailynews.com/2025/08/13/barclays-has-lowered-expectations-for-equity-residential-nyseeqr-stock-price/', 'urlToImage': 'https://www.americanbankingnews.com/wp-content/timthumb/timthumb.php?src=https://www.marketbeat.com/logos/equity-residential-logo.jpg&w=240&h=240&zc=2', 'publishedAt': '2025-08-13T07:12:52Z', 'content': 'Equity Residential (NYSE:EQR – Free Report) had its price objective cut by Barclays from $83.00 to $81.00 in a research note published on Tuesday,Benzinga reports. They currently have an overweight r… [+5283 chars]'}, {'source': {'id': None, 'name': 'ETF Daily News'}, 'author': 'MarketBeat News', 'title': 'Equity Residential (NYSE:EQR) Given New $71.00 Price Target at Evercore ISI', 'description': 'Equity Residential (NYSE:EQR – Free Report) had its price objective cut by Evercore ISI from $72.00 to $71.00 in a research note released on Tuesday,Benzinga reports. They currently have an outperform rating on the real estate investment trust’s stock. A numb…', 'url': 'https://www.etfdailynews.com/2025/08/13/equity-residential-nyseeqr-given-new-71-00-price-target-at-evercore-isi/', 'urlToImage': 'https://www.americanbankingnews.com/wp-content/timthumb/timthumb.php?src=https://www.marketbeat.com/logos/equity-residential-logo.jpg&w=240&h=240&zc=2', 'publishedAt': '2025-08-13T07:12:52Z', 'content': 'Equity Residential (NYSE:EQR – Free Report) had its price objective cut by Evercore ISI from $72.00 to $71.00 in a research note released on Tuesday,Benzinga reports. They currently have an outperfor… [+5421 chars]'}, {'source': {'id': None, 'name': 'Yahoo Entertainment'}, 'author': 'Hamna Asim', 'title': 'Evercore ISI Boosts Equity Residential (EQR) to Outperform on Thriving Coastal Markets', 'description': 'Equity Residential (NYSE:EQR) is one of the best residential REITs to buy. On July 7, Evercore ISI upgraded EQR to Outperform from In Line, while bumping the...', 'url': 'https://finance.yahoo.com/news/evercore-isi-boosts-equity-residential-045514986.html', 'urlToImage': 'https://media.zenfs.com/en/insidermonkey.com/86a1c1038f0ee3f2bd11eb5dec0ce355', 'publishedAt': '2025-08-13T04:55:14Z', 'content': 'Equity Residential (NYSE:EQR) is one of the best residential REITs to buy. On July 7, Evercore ISI upgraded EQR to Outperform from In Line, while bumping the price target to $75 from $74. The rating … [+1482 chars]'}]"
GE,"[{'source': {'id': None, 'name': 'ETF Daily News'}, 'author': 'MarketBeat News', 'title': 'Best Solar Stocks To Follow Today – August 16th', 'description': 'Tesla, Berkshire Hathaway, First Solar, NextEra Energy, GE Vernova, Sunrun, and Vistra are the seven Solar stocks to watch today, according to MarketBeat’s stock screener tool. Solar stocks are shares of publicly traded companies that design, manufacture or d…', 'url': 'https://www.etfdailynews.com/2025/08/18/best-solar-stocks-to-follow-today-august-16th/', 'urlToImage': 'https://www.americanbankingnews.com/wp-content/timthumb/timthumb.php?src=https://www.marketbeat.com/logos/tesla-inc-logo-1200x675.png?v=20221020135629&w=240&h=240&zc=2', 'publishedAt': '2025-08-18T06:34:53Z', 'content': 'Tesla, Berkshire Hathaway, First Solar, NextEra Energy, GE Vernova, Sunrun, and Vistra are the seven Solar stocks to watch today, according to MarketBeat’s stock screener tool. Solar stocks are share… [+8027 chars]'}, {'source': {'id': None, 'name': 'ETF Daily News'}, 'author': 'MarketBeat News', 'title': 'Top Defense Stocks To Add to Your Watchlist – August 14th', 'description': 'GE Aerospace, Rocket Lab, Boeing, Celestica, and Citigroup are the five Defense stocks to watch today, according to MarketBeat’s stock screener tool. Defense stocks are shares of publicly traded companies that design, manufacture and supply weapons, military …', 'url': 'https://www.etfdailynews.com/2025/08/17/top-defense-stocks-to-add-to-your-watchlist-august-14th/', 'urlToImage': 'https://www.americanbankingnews.com/wp-content/timthumb/timthumb.php?src=https://www.marketbeat.com/logos/general-electric-company-logo-1200x675.png&w=240&h=240&zc=2', 'publishedAt': '2025-08-17T07:37:11Z', 'content': 'GE Aerospace, Rocket Lab, Boeing, Celestica, and Citigroup are the five Defense stocks to watch today, according to MarketBeat’s stock screener tool. Defense stocks are shares of publicly traded comp… [+5910 chars]'}, {'source': {'id': None, 'name': 'ETF Daily News'}, 'author': 'MarketBeat News', 'title': 'Energy Stocks To Follow Now – August 14th', 'description': 'Tesla, Broadcom, AltC Acquisition, Expion360, GE Vernova, Caterpillar, and Palo Alto Networks are the seven Energy stocks to watch today, according to MarketBeat’s stock screener tool. Energy stocks are shares of publicly traded companies engaged in the explo…', 'url': 'https://www.etfdailynews.com/2025/08/17/energy-stocks-to-follow-now-august-14th/', 'urlToImage': 'https://www.americanbankingnews.com/wp-content/timthumb/timthumb.php?src=https://www.marketbeat.com/logos/tesla-inc-logo-1200x675.png?v=20221020135629&w=240&h=240&zc=2', 'publishedAt': '2025-08-17T07:36:58Z', 'content': 'Tesla, Broadcom, AltC Acquisition, Expion360, GE Vernova, Caterpillar, and Palo Alto Networks are the seven Energy stocks to watch today, according to MarketBeat’s stock screener tool. Energy stocks … [+7540 chars]'}, {'source': {'id': None, 'name': 'Ndtvprofit.com'}, 'author': 'Divya Prata', 'title': 'Record Dates For Dividends: Apollo Hospitals, HAL, RVNL, IRCTC, LIC Housing Finance And More', 'description': 'The upcoming week brings a busy slate of corporate actions, with the record dates lined up for several companies that have declared interim and final dividends. This week will also see a stock split plus bonus issue of shares from Algoquant Fintech and Bemco …', 'url': 'https://www.ndtvprofit.com/markets/record-dates-for-dividends-apollo-hospitals-hal-rvnl-irctc-lic-housing-finance-and-more', 'urlToImage': 'https://media.assettype.com/bloombergquint%2F2025-08-16%2Fle0fv7ni%2Fdividend-bonus-stock-split.png?w=1200&auto=format%2Ccompress&ogImage=true', 'publishedAt': '2025-08-17T05:56:40Z', 'content': 'Record date on Aug. 18Record date on Aug. 19<li>Apollo Hospitals Enterprise: Final dividend of Rs 10 per share\r\n</li><li>Elixir Capital: Final dividend of Rs 1.25 per share\r\n</li><li>Industrial &amp;… [+4746 chars]'}, {'source': {'id': None, 'name': 'ETF Daily News'}, 'author': 'MarketBeat News', 'title': 'Best Space Stocks To Follow Today – August 15th', 'description': 'Alphabet, Berkshire Hathaway, Boeing, GE Aerospace, Bullish, Analog Devices, and Rocket Lab are the seven Space stocks to watch today, according to MarketBeat’s stock screener tool. Space stocks are shares of publicly traded companies whose core businesses in…', 'url': 'https://www.etfdailynews.com/2025/08/17/best-space-stocks-to-follow-today-august-15th/', 'urlToImage': 'https://www.americanbankingnews.com/wp-content/timthumb/timthumb.php?src=https://www.marketbeat.com/logos/google-inc-logo-1200x675.png&w=240&h=240&zc=2', 'publishedAt': '2025-08-17T05:42:58Z', 'content': 'Alphabet, Berkshire Hathaway, Boeing, GE Aerospace, Bullish, Analog Devices, and Rocket Lab are the seven Space stocks to watch today, according to MarketBeat’s stock screener tool. Space stocks are … [+7911 chars]'}]"
GRMN,"[{'source': {'id': None, 'name': 'ETF Daily News'}, 'author': 'MarketBeat News', 'title': 'Zacks Research Has Bullish Estimate for Garmin Q3 Earnings', 'description': 'Garmin Ltd. (NYSE:GRMN – Free Report) – Investment analysts at Zacks Research lifted their Q3 2025 earnings estimates for shares of Garmin in a report issued on Wednesday, August 13th. Zacks Research analyst R. Department now expects that the scientific and t…', 'url': 'https://www.etfdailynews.com/2025/08/15/zacks-research-has-bullish-estimate-for-garmin-q3-earnings/', 'urlToImage': 'https://www.americanbankingnews.com/wp-content/timthumb/timthumb.php?src=https://www.marketbeat.com/logos/garmin-ltd-logo-1200x675.jpg?v=20221104114314&w=240&h=240&zc=2', 'publishedAt': '2025-08-15T05:46:50Z', 'content': 'Garmin Ltd. (NYSE:GRMN – Free Report) – Investment analysts at Zacks Research lifted their Q3 2025 earnings estimates for shares of Garmin in a report issued on Wednesday, August 13th. Zacks Research… [+5994 chars]'}, {'source': {'id': None, 'name': 'Biztoc.com'}, 'author': 'investors.com', 'title': ""Mutual Funds Can't Get Enough Nvidia Stock, Google. Here's Why"", 'description': 'IBD Leaderboard names Nvidia (NVDA), Google parent company Alphabet (GOOGL), and Garmin (GRMN) are names atop the Stocks That Funds Are Buying screen. Nvidia stock appears to be back to its former glory and dominates, once again. The IBD Screen Of The Day nam…', 'url': 'https://biztoc.com/x/7ceba4a4e45506b0', 'urlToImage': 'https://biztoc.com/cdn/7ceba4a4e45506b0_s.webp', 'publishedAt': '2025-08-12T14:14:02Z', 'content': 'IBD Leaderboard names Nvidia (NVDA), Google parent company Alphabet (GOOGL), and Garmin (GRMN) are names atop the Stocks That Funds Are Buying screen. Nvidia stock appears to be back to its former gl… [+143 chars]'}]"
STZ,"[{'source': {'id': None, 'name': 'Biztoc.com'}, 'author': 'finance.yahoo.com', 'title': 'Constellation Brands, Inc. (STZ)’s “A Terrible Stock,” Says Jim Cramer', 'description': 'In this article:\nWe recently published 12 Latest Stocks Jim Cramer Discussed. Constellation Brands, Inc. (NYSE:STZ) is one of the stocks Jim Cramer recently discussed.\nAlcoholic beverage producer Constellation Brands, Inc. (NYSE:STZ)’s shares have lost 24% ye…', 'url': 'https://biztoc.com/x/02aff0af2af45f48', 'urlToImage': 'https://biztoc.com/cdn/02aff0af2af45f48_s.webp', 'publishedAt': '2025-08-17T21:24:58Z', 'content': 'In this article:We recently published 12 Latest Stocks Jim Cramer Discussed. Constellation Brands, Inc. (NYSE:STZ) is one of the stocks Jim Cramer recently discussed.Alcoholic beverage producer Const… [+149 chars]'}, {'source': {'id': None, 'name': 'Yahoo Entertainment'}, 'author': 'Ramish Cheema', 'title': 'Constellation Brands, Inc. (STZ)’s “A Terrible Stock,” Says Jim Cramer', 'description': 'We recently published 12 Latest Stocks Jim Cramer Discussed. Constellation Brands, Inc. (NYSE:STZ) is one of the stocks Jim Cramer recently discussed...', 'url': 'https://finance.yahoo.com/news/constellation-brands-inc-stz-terrible-211310177.html', 'urlToImage': 'https://s.yimg.com/ny/api/res/1.2/dhDzR_JKSiUpOD63uDoPrQ--/YXBwaWQ9aGlnaGxhbmRlcjt3PTEyMDA7aD05MDA-/https://media.zenfs.com/en/insidermonkey.com/392ad62044f8e2df8a21434e4bb5621e', 'publishedAt': '2025-08-17T21:13:10Z', 'content': 'We recently published 12 Latest Stocks Jim Cramer Discussed. Constellation Brands, Inc. (NYSE:STZ) is one of the stocks Jim Cramer recently discussed.\r\nAlcoholic beverage producer Constellation Brand… [+2390 chars]'}, {'source': {'id': None, 'name': 'ETF Daily News'}, 'author': 'MarketBeat News', 'title': 'Brokerages Set Constellation Brands Inc (NYSE:STZ) Price Target at $213.74', 'description': 'Constellation Brands Inc (NYSE:STZ – Get Free Report) has been assigned a consensus recommendation of “Moderate Buy” from the twenty-four ratings firms that are currently covering the company, MarketBeat.com reports. Ten analysts have rated the stock with a h…', 'url': 'https://www.etfdailynews.com/2025/08/17/brokerages-set-constellation-brands-inc-nysestz-price-target-at-213-74/', 'urlToImage': 'https://www.americanbankingnews.com/wp-content/timthumb/timthumb.php?src=https://www.marketbeat.com/logos/constellation-brands-inc-logo-1200x675.jpg&w=240&h=240&zc=2', 'publishedAt': '2025-08-17T06:49:03Z', 'content': 'Constellation Brands Inc (NYSE:STZ – Get Free Report) has been assigned a consensus recommendation of “Moderate Buy” from the twenty-four ratings firms that are currently covering the company, Market… [+5885 chars]'}, {'source': {'id': None, 'name': 'Forbes'}, 'author': 'Bill Stone, Contributor, \n Bill Stone, Contributor\n https://www.forbes.com/sites/bill_stone/', 'title': 'Berkshire Hathaway’s Second Quarter 2025 Portfolio Moves', 'description': 'Berkshire Hathaway’s portfolio added six new stocks, including the three new secret stocks. Warren Buffett was a net seller of stocks for the eleventh straight quarter.', 'url': 'https://www.forbes.com/sites/bill_stone/2025/08/15/berkshire-hathaways-second-quarter-2025-portfolio-moves/', 'urlToImage': 'https://imageio.forbes.com/specials-images/imageserve/65469a443eff19bbac6beb36/0x0.jpg?format=jpg&height=900&width=1600&fit=bounds', 'publishedAt': '2025-08-15T12:56:58Z', 'content': 'Despite being a net seller of publicly traded stocks in the quarter, Warren Buffett and Berkshire Hathaway added six new companies to the portfolio and made several significant changes. (Photo by: La… [+8905 chars]'}, {'source': {'id': None, 'name': 'Economictimes.com'}, 'author': 'AP', 'title': '5 stocks Warren Buffett has invested in so far this year', 'description': 'Warren Buffett, chairman and CEO of Berkshire Hathaway, remains one of the most influential investors of the past half-century, famous for spotting quality companies at the right price. While he has been a net seller of stocks in recent years, 2025 has seen h…', 'url': 'https://m.economictimes.com/markets/stocks/news/5-stocks-warren-buffett-has-invested-in-so-far-this-year/top-picks/slideshow/123318221.cms', 'urlToImage': 'https://img.etimg.com/thumb/msid-123318221,width-1070,height-580,overlay-etmarkets/slideshow.jpg', 'publishedAt': '2025-08-15T06:06:43Z', 'content': 'Aug 15, 2025, 11:48:28 AM IST\r\nWarren Buffett, chairman and CEO of Berkshire Hathaway, remains one of the most influential investors of the past half-century, famous for spotting quality companies at… [+2662 chars]'}]"
KO,"[{'source': {'id': None, 'name': 'ETF Daily News'}, 'author': 'MarketBeat News', 'title': 'CocaCola Company (The) (NYSE:KO) Receives $77.21 Consensus PT from Analysts', 'description': 'CocaCola Company (The) (NYSE:KO – Get Free Report) has been given a consensus rating of “Buy” by the seventeen ratings firms that are currently covering the company, Marketbeat reports. One research analyst has rated the stock with a hold recommendation, four…', 'url': 'https://www.etfdailynews.com/2025/08/18/cocacola-company-the-nyseko-receives-77-21-consensus-pt-from-analysts/', 'urlToImage': 'https://www.americanbankingnews.com/wp-content/timthumb/timthumb.php?src=https://www.marketbeat.com/logos/the-coca-cola-co-logo-1200x675.png&w=240&h=240&zc=2', 'publishedAt': '2025-08-18T06:58:55Z', 'content': 'CocaCola Company (The) (NYSE:KO – Get Free Report) has been given a consensus rating of “Buy” by the seventeen ratings firms that are currently covering the company, Marketbeat reports. One research … [+5455 chars]'}, {'source': {'id': None, 'name': 'ETF Daily News'}, 'author': 'MarketBeat News', 'title': 'Top Gold Stocks To Watch Today – August 14th', 'description': 'Robinhood Markets, Freeport-McMoRan, CocaCola, Kraft Heinz, and Cadence Design Systems are the five Gold stocks to watch today, according to MarketBeat’s stock screener tool. Gold stocks are shares of publicly traded companies involved in the exploration, min…', 'url': 'https://www.etfdailynews.com/2025/08/17/top-gold-stocks-to-watch-today-august-14th/', 'urlToImage': 'https://www.americanbankingnews.com/wp-content/timthumb/timthumb.php?src=https://www.marketbeat.com/logos/robinhood-markets-inc-logo-1200x675.png?v=20210729133331&w=240&h=240&zc=2', 'publishedAt': '2025-08-17T07:37:07Z', 'content': 'Robinhood Markets, Freeport-McMoRan, CocaCola, Kraft Heinz, and Cadence Design Systems are the five Gold stocks to watch today, according to MarketBeat’s stock screener tool. Gold stocks are shares o… [+5919 chars]'}, {'source': {'id': None, 'name': 'ETF Daily News'}, 'author': 'MarketBeat News', 'title': 'Wall Street Zen Upgrades Kura Oncology (NASDAQ:KURA) to “Hold”', 'description': 'Kura Oncology (NASDAQ:KURA – Get Free Report) was upgraded by investment analysts at Wall Street Zen from a “sell” rating to a “hold” rating in a research report issued on Sunday. KURA has been the topic of a number of other reports. Cantor Fitzgerald reissue…', 'url': 'https://www.etfdailynews.com/2025/08/17/wall-street-zen-upgrades-kura-oncology-nasdaqkura-to-hold/', 'urlToImage': 'https://www.americanbankingnews.com/wp-content/timthumb/timthumb.php?src=https://www.marketbeat.com/logos/kura-oncology-inc-logo-1200x675.jpg?v=20240515093805&w=240&h=240&zc=2', 'publishedAt': '2025-08-17T05:48:56Z', 'content': 'Kura Oncology (NASDAQ:KURA – Get Free Report) was upgraded by investment analysts at Wall Street Zen from a “sell” rating to a “hold” rating in a research report issued on Sunday.\r\nKURA has been the … [+4061 chars]'}, {'source': {'id': None, 'name': 'Yahoo Entertainment'}, 'author': 'Max Juang', 'title': 'What To Expect From Palo Alto Networks’s (PANW) Q2 Earnings', 'description': 'Cybersecurity platform provider Palo Alto Networks (NASDAQ:PANW) will be announcing earnings results this Monday after market hours. Here’s what investors...', 'url': 'https://finance.yahoo.com/news/expect-palo-alto-networks-panw-030100500.html', 'urlToImage': 'https://s.yimg.com/ny/api/res/1.2/Kv.5Tc5eyPUxj101iIAdxw--/YXBwaWQ9aGlnaGxhbmRlcjt3PTEyMDA7aD04MDA-/https://media.zenfs.com/en/stockstory_922/8e29d73164dad6d495da677e896ef44b', 'publishedAt': '2025-08-17T03:01:00Z', 'content': 'Cybersecurity platform provider Palo Alto Networks (NASDAQ:PANW) will be announcing earnings results this Monday after market hours. Heres what investors should know.\r\nPalo Alto Networks beat analyst… [+2594 chars]'}, {'source': {'id': None, 'name': 'ComicBook.com'}, 'author': 'Justin Joy', 'title': '5 Worst Super Smash Bros. Ultimate Characters Who Ruin the Game', 'description': 'Super Smash Bros. Ultimate has one of the biggest rosters in the fighting game genre. One of its most exciting features is that it has some of the most iconic characters in gaming. However, some of these characters suck the fun out of Smash Ultimate. Whether …', 'url': 'http://comicbook.com/gaming/news/super-smash-bros-ultimate-ssbu-characters-worst-ruin/', 'urlToImage': 'https://comicbook.com/wp-content/uploads/sites/4/2025/08/Steve-Super-Smash-Bros.jpg?resize=2000,1125', 'publishedAt': '2025-08-15T20:00:00Z', 'content': 'Super Smash Bros. Ultimate has one of the biggest rosters in the fighting game genre. One of its most exciting features is that it has some of the most iconic characters in gaming. However, some of t… [+4445 chars]'}]"
DUK,"[{'source': {'id': None, 'name': 'ETF Daily News'}, 'author': 'MarketBeat News', 'title': 'Duke Energy Corporation (NYSE:DUK) Receives $129.80 Consensus PT from Brokerages', 'description': 'Shares of Duke Energy Corporation (NYSE:DUK – Get Free Report) have received a consensus rating of “Moderate Buy” from the sixteen research firms that are covering the company, Marketbeat reports. Seven research analysts have rated the stock with a hold recom…', 'url': 'https://www.etfdailynews.com/2025/08/18/duke-energy-corporation-nyseduk-receives-129-80-consensus-pt-from-brokerages/', 'urlToImage': 'https://www.americanbankingnews.com/wp-content/timthumb/timthumb.php?src=https://www.marketbeat.com/logos/duke-energy-corp-logo-1200x675.gif&w=240&h=240&zc=2', 'publishedAt': '2025-08-18T06:40:55Z', 'content': 'Shares of Duke Energy Corporation (NYSE:DUK – Get Free Report) have received a consensus rating of “Moderate Buy” from the sixteen research firms that are covering the company, Marketbeat reports. Se… [+5053 chars]'}, {'source': {'id': None, 'name': 'Yahoo Entertainment'}, 'author': 'Jewel Saha', 'title': 'Nuclear Stocks Shine as Demand for Zero-Carbon Energy Accelerates', 'description': 'Investors looking to build a nuclear-focused portfolio may find strong opportunities in companies such as NextEra Energy, Duke Energy and Constellation...', 'url': 'https://finance.yahoo.com/news/nuclear-stocks-shine-demand-zero-171300589.html', 'urlToImage': 'https://media.zenfs.com/en/zacks.com/7bea0f994570af738d3a2175829e55a7', 'publishedAt': '2025-08-13T17:13:00Z', 'content': 'An updated edition of the July 1, 2025 article.\r\nNuclear energy is increasingly recognized as a key solution to meeting rising global electricity demand while advancing the shift toward cleaner energ… [+6570 chars]'}]"
GEHC,"[{'source': {'id': None, 'name': 'ETF Daily News'}, 'author': 'MarketBeat News', 'title': 'Critical Contrast: Anteris Technologies Global (NASDAQ:AVR) vs. Vaso (OTCMKTS:VASO)', 'description': 'Vaso (OTCMKTS:VASO – Get Free Report) and Anteris Technologies Global (NASDAQ:AVR – Get Free Report) are both small-cap medical companies, but which is the superior stock? We will contrast the two businesses based on the strength of their analyst recommendati…', 'url': 'https://www.etfdailynews.com/2025/08/18/critical-contrast-anteris-technologies-global-nasdaqavr-vs-vaso-otcmktsvaso/', 'urlToImage': 'https://www.americanbankingnews.com/wp-content/timthumb/timthumb.php?src=https://www.marketbeat.com/logos/anteris-technologies-global-corp-logo-1200x675.png?v=20250115143828&w=240&h=240&zc=2', 'publishedAt': '2025-08-18T05:40:59Z', 'content': 'Vaso (OTCMKTS:VASO – Get Free Report) and Anteris Technologies Global (NASDAQ:AVR – Get Free Report) are both small-cap medical companies, but which is the superior stock? We will contrast the two bu… [+4157 chars]'}, {'source': {'id': None, 'name': 'Yahoo Entertainment'}, 'author': 'Ali Ahmed', 'title': 'GE HealthCare (GEHC) Introduces AI-Powered Digital X-Ray System', 'description': 'GE HealthCare Technologies Inc. (NASDAQ:GEHC) is one of the 11 Best Under-the-Radar Stocks to Buy Right Now. On July 24, GE HealthCare Technologies Inc...', 'url': 'https://finance.yahoo.com/news/ge-healthcare-gehc-introduces-ai-170519278.html', 'urlToImage': 'https://media.zenfs.com/en/insidermonkey.com/c8b26848e28b089de86a1b890ec488d2', 'publishedAt': '2025-08-15T17:05:19Z', 'content': 'GE HealthCare Technologies Inc. (NASDAQ:GEHC) is one of the 11 Best Under-the-Radar Stocks to Buy Right Now. On July 24, GE HealthCare Technologies Inc. (NASDAQ:GEHC) announced the commercial launch … [+1786 chars]'}, {'source': {'id': None, 'name': 'Barchart.com'}, 'author': 'Neharika Jain', 'title': 'GE HealthCare Technologies Stock: Is Wall Street Bullish or Bearish?', 'description': 'Despite GE HealthCare Technologies’ underperformance relative to the broader market over the past year, Wall Street analysts maintain a highly optimistic...', 'url': 'https://www.barchart.com/story/news/34078066/ge-healthcare-technologies-stock-is-wall-street-bullish-or-bearish', 'urlToImage': 'https://media.zenfs.com/en/barchart_com_477/75acf00742c0fb750512bde33b45b81d', 'publishedAt': '2025-08-12T13:33:27Z', 'content': 'Valued at a market cap of $33.3 billion, GE HealthCare Technologies Inc. (GEHC) develops, manufactures, and markets products, services, and complementary digital solutions used in the diagnosis, trea… [+2662 chars]'}]"
MMM,"[{'source': {'id': None, 'name': 'AdExchanger'}, 'author': 'AdExchanger Guest Columnist', 'title': 'The Trade Desk’s Blue Ocean Moment: How The DSP Can Rewrite Ad Tech’s Rules', 'description': 'In ad tech, group thinking is the silent killer.\xa0 It convinces great companies to keep playing the same game long after the rules have changed. Too many leaders keep reaching for the same playbook that worked a decade ago: connect pipes, aggregate inventory, …', 'url': 'http://www.adexchanger.com/data-driven-thinking/the-trade-desks-blue-ocean-moment-how-the-dsp-can-rewrite-ad-techs-rules/', 'urlToImage': 'http:/wp-content/uploads/2025/08/Danilo-Tauro-Aperiam.jpg', 'publishedAt': '2025-08-18T04:35:10Z', 'content': 'In ad tech, group thinkingis the silent killer.\xa0\r\nIt convinces great companies to keep playing the same game long after the rules have changed. Too many leaders keep reaching for the same playbook th… [+5159 chars]'}, {'source': {'id': None, 'name': 'ETF Daily News'}, 'author': 'MarketBeat News', 'title': '3M’s (MMM) “Hold (C+)” Rating Reiterated at Weiss Ratings', 'description': '3M (NYSE:MMM – Get Free Report)‘s stock had its “hold (c+)” rating reissued by equities research analysts at Weiss Ratings in a note issued to investors on Thursday,Weiss Ratings reports. Several other research analysts also recently weighed in on MMM. Barcla…', 'url': 'https://www.etfdailynews.com/2025/08/15/3ms-mmm-hold-c-rating-reiterated-at-weiss-ratings/', 'urlToImage': 'https://www.americanbankingnews.com/wp-content/timthumb/timthumb.php?src=https://www.marketbeat.com/logos/3M_logo-1200x675.jpg&w=240&h=240&zc=2', 'publishedAt': '2025-08-15T06:22:49Z', 'content': '3M (NYSE:MMM – Get Free Report)‘s stock had its “hold (c+)” rating reissued by equities research analysts at Weiss Ratings in a note issued to investors on Thursday,Weiss Ratings reports.\r\nSeveral ot… [+5029 chars]'}, {'source': {'id': None, 'name': 'Plos.org'}, 'author': 'Haijie Yu, Haijun Wei', 'title': 'Wear state identification of reciprocating sliding friction Pairs with frictional vibration', 'description': 'Real-time monitoring of the wear state of reciprocating sliding friction pairs has long been a challenging issue. To address this problem, this paper innovatively proposes a new method of constructing feature vectors based on the fractal parameters of frictio…', 'url': 'https://journals.plos.org/plosone/article?id=10.1371/journal.pone.0329782', 'urlToImage': 'https://journals.plos.org/plosone/article/figure/image?id=10.1371/journal.pone.0329782.g012&size=inline', 'publishedAt': '2025-08-14T14:00:00Z', 'content': 'Abstract\r\nReal-time monitoring of the wear state of reciprocating sliding friction pairs has long been a challenging issue. To address this problem, this paper innovatively proposes a new method of c… [+33011 chars]'}, {'source': {'id': None, 'name': 'Thedividendguyblog.com'}, 'author': 'DivGuy', 'title': 'Understanding Payout Ratios: Is the Dividend Safe?', 'description': 'Many investors like to keep things simple and use the payout ratio as a quick filter to determine if a company can afford to share the wealth with its shareholders. It often looks like this: Payout ratio under 80% = dividend is safe Payout ratio above 80% = d…', 'url': 'https://thedividendguyblog.com/use-payout-ratios-wisely/', 'urlToImage': 'https://thedividendguyblog.com/wp-content/themes/leia-en/imagenes/2025/08/understanding-payout-ratios.png', 'publishedAt': '2025-08-14T10:32:03Z', 'content': 'Many investors like to keep things simple and use the payout ratio as a quick filter to determine if a company can afford to share the wealth with its shareholders. It often looks like this:\r\n<ul><li… [+8477 chars]'}]"
XOM,"[{'source': {'id': None, 'name': 'ETF Daily News'}, 'author': 'MarketBeat News', 'title': 'Top Hydrogen Stocks To Follow Today – August 16th', 'description': 'Exxon Mobil, Linde, Bloom Energy, BP, NuScale Power, Air Products and Chemicals, and Cummins are the seven Hydrogen stocks to watch today, according to MarketBeat’s stock screener tool. Hydrogen stocks are shares of publicly traded companies involved in the p…', 'url': 'https://www.etfdailynews.com/2025/08/18/top-hydrogen-stocks-to-follow-today-august-16th/', 'urlToImage': 'https://www.americanbankingnews.com/wp-content/timthumb/timthumb.php?src=https://www.marketbeat.com/logos/exxon-mobil-co-logo-1200x675.png?v=20221020141849&w=240&h=240&zc=2', 'publishedAt': '2025-08-18T06:34:50Z', 'content': 'Exxon Mobil, Linde, Bloom Energy, BP, NuScale Power, Air Products and Chemicals, and Cummins are the seven Hydrogen stocks to watch today, according to MarketBeat’s stock screener tool. Hydrogen stoc… [+7898 chars]'}, {'source': {'id': None, 'name': 'OilPrice.com'}, 'author': 'Alex Kimani', 'title': 'Energy Dividend Aristocrats Shine Amid Market Uncertainty', 'description': 'With U.S. markets trading close to record highs, many investors are now turning to dividend-paying stocks as they try to balance growth and income. Dividend investing provides a predictable and reliable source of cash flow that can complement other forms of i…', 'url': 'https://oilprice.com/Energy/Energy-General/Energy-Dividend-Aristocrats-Shine-Amid-Market-Uncertainty.html', 'urlToImage': 'https://d32r1sh890xpii.cloudfront.net/article/718x300/2025-08-17_f3a8xfgeim.jpg', 'publishedAt': '2025-08-17T21:00:00Z', 'content': 'Light crude oil futures remain…\r\nU.S. gasoline prices are trending…\r\nThe total number of active…\r\nBy Alex Kimani - Aug 17, 2025, 4:00 PM CDTWith U.S. markets trading close to record highs, many inves… [+5687 chars]'}, {'source': {'id': None, 'name': 'ETF Daily News'}, 'author': 'MarketBeat News', 'title': 'Promising Dividend Stocks To Consider – August 15th', 'description': 'UnitedHealth Group, ProShares UltraPro Short QQQ, and Exxon Mobil are the three Dividend stocks to watch today, according to MarketBeat’s stock screener tool. Dividend stocks are shares of companies that regularly distribute a portion of their profits to shar…', 'url': 'https://www.etfdailynews.com/2025/08/17/promising-dividend-stocks-to-consider-august-15th/', 'urlToImage': 'https://www.americanbankingnews.com/wp-content/timthumb/timthumb.php?src=https://www.marketbeat.com/logos/unitedhealth-group-incorporated-logo-1200x675.png?v=20221020135718&w=240&h=240&zc=2', 'publishedAt': '2025-08-17T09:55:00Z', 'content': 'UnitedHealth Group, ProShares UltraPro Short QQQ, and Exxon Mobil are the three Dividend stocks to watch today, according to MarketBeat’s stock screener tool. Dividend stocks are shares of companies … [+3639 chars]'}, {'source': {'id': None, 'name': 'ETF Daily News'}, 'author': 'MarketBeat News', 'title': 'Promising Lithium Stocks To Keep An Eye On – August 15th', 'description': 'Exxon Mobil, SolarEdge Technologies, Albemarle, QuantumScape, Rio Tinto, Dragonfly Energy, and Eos Energy Enterprises are the seven Lithium stocks to watch today, according to MarketBeat’s stock screener tool. Lithium stocks are shares of companies that explo…', 'url': 'https://www.etfdailynews.com/2025/08/17/promising-lithium-stocks-to-keep-an-eye-on-august-15th/', 'urlToImage': 'https://www.americanbankingnews.com/wp-content/timthumb/timthumb.php?src=https://www.marketbeat.com/logos/exxon-mobil-co-logo-1200x675.png?v=20221020141849&w=240&h=240&zc=2', 'publishedAt': '2025-08-17T05:42:53Z', 'content': 'Exxon Mobil, SolarEdge Technologies, Albemarle, QuantumScape, Rio Tinto, Dragonfly Energy, and Eos Energy Enterprises are the seven Lithium stocks to watch today, according to MarketBeat’s stock scre… [+7200 chars]'}, {'source': {'id': None, 'name': 'ETF Daily News'}, 'author': 'MarketBeat News', 'title': 'Dividend Stocks To Watch Now – August 14th', 'description': 'UnitedHealth Group, ProShares UltraPro Short QQQ, Direxion Daily TSLA Bull 2X Shares, Johnson & Johnson, Exxon Mobil, United Parcel Service, and Chevron are the seven Dividend stocks to watch today, according to MarketBeat’s stock screener tool. Dividend stoc…', 'url': 'https://www.etfdailynews.com/2025/08/16/dividend-stocks-to-watch-now-august-14th/', 'urlToImage': 'https://www.americanbankingnews.com/wp-content/timthumb/timthumb.php?src=https://www.marketbeat.com/logos/unitedhealth-group-incorporated-logo-1200x675.png?v=20221020135718&w=240&h=240&zc=2', 'publishedAt': '2025-08-16T10:04:52Z', 'content': 'UnitedHealth Group, ProShares UltraPro Short QQQ, Direxion Daily TSLA Bull 2X Shares, Johnson &amp; Johnson, Exxon Mobil, United Parcel Service, and Chevron are the seven Dividend stocks to watch tod… [+7925 chars]'}]"
APD,"[{'source': {'id': None, 'name': 'ETF Daily News'}, 'author': 'MarketBeat News', 'title': 'Top Hydrogen Stocks To Follow Today – August 16th', 'description': 'Exxon Mobil, Linde, Bloom Energy, BP, NuScale Power, Air Products and Chemicals, and Cummins are the seven Hydrogen stocks to watch today, according to MarketBeat’s stock screener tool. Hydrogen stocks are shares of publicly traded companies involved in the p…', 'url': 'https://www.etfdailynews.com/2025/08/18/top-hydrogen-stocks-to-follow-today-august-16th/', 'urlToImage': 'https://www.americanbankingnews.com/wp-content/timthumb/timthumb.php?src=https://www.marketbeat.com/logos/exxon-mobil-co-logo-1200x675.png?v=20221020141849&w=240&h=240&zc=2', 'publishedAt': '2025-08-18T06:34:50Z', 'content': 'Exxon Mobil, Linde, Bloom Energy, BP, NuScale Power, Air Products and Chemicals, and Cummins are the seven Hydrogen stocks to watch today, according to MarketBeat’s stock screener tool. Hydrogen stoc… [+7898 chars]'}]"
FDX,"[{'source': {'id': None, 'name': 'ETF Daily News'}, 'author': 'MarketBeat News', 'title': 'Wall Street Zen Downgrades FedEx (NYSE:FDX) to Hold', 'description': 'FedEx (NYSE:FDX – Get Free Report) was downgraded by stock analysts at Wall Street Zen from a “buy” rating to a “hold” rating in a note issued to investors on Saturday. Several other equities analysts have also recently commented on the company. Susquehanna i…', 'url': 'https://www.etfdailynews.com/2025/08/16/wall-street-zen-downgrades-fedex-nysefdx-to-hold/', 'urlToImage': 'https://www.americanbankingnews.com/wp-content/timthumb/timthumb.php?src=https://www.marketbeat.com/logos/fedex-logo-1200x675.jpg&w=240&h=240&zc=2', 'publishedAt': '2025-08-16T05:58:52Z', 'content': 'FedEx (NYSE:FDX – Get Free Report) was downgraded by stock analysts at Wall Street Zen from a “buy” rating to a “hold” rating in a note issued to investors on Saturday.\r\nSeveral other equities analys… [+5168 chars]'}, {'source': {'id': None, 'name': 'Yahoo Entertainment'}, 'author': 'Eric Kulisch', 'title': 'FedEx appoints Vishal Talwar as chief digital officer', 'description': 'FedEx has named Accenture executive Vishal Talwar as chief digital and information officer. The post FedEx appoints Vishal Talwar as chief digital officer...', 'url': 'https://finance.yahoo.com/news/fedex-appoints-vishal-talwar-chief-225034110.html', 'urlToImage': 'https://s.yimg.com/ny/api/res/1.2/CW2hScBEjEHICHwAJuMAlQ--/YXBwaWQ9aGlnaGxhbmRlcjt3PTEyMDA7aD02NzU-/https://media.zenfs.com/en/freightwaves_373/f8af1f7c87968ccefacfbbc3aab9e807', 'publishedAt': '2025-08-13T22:50:34Z', 'content': '(Updated 11 p.m. ET)\r\nFedEx Corp. on Tuesday named Vishal Talwar, who until recently was chief growth officer of Accenture Technology, to be chief digital and information officer and president of Fed… [+4148 chars]'}]"
TROW,"[{'source': {'id': None, 'name': 'ETF Daily News'}, 'author': 'MarketBeat News', 'title': 'T. Rowe Price Group, Inc. (NASDAQ:TROW) Given Average Recommendation of “Reduce” by Analysts', 'description': 'Shares of T. Rowe Price Group, Inc. (NASDAQ:TROW – Get Free Report) have been given a consensus recommendation of “Reduce” by the twelve ratings firms that are currently covering the stock, MarketBeat reports. Four analysts have rated the stock with a sell re…', 'url': 'https://www.etfdailynews.com/2025/08/14/t-rowe-price-group-inc-nasdaqtrow-given-average-recommendation-of-reduce-by-analysts/', 'urlToImage': 'https://www.americanbankingnews.com/wp-content/timthumb/timthumb.php?src=https://www.marketbeat.com/logos/t-rowe-price-group-inc-logo-1200x675.png?v=20221103120557&w=240&h=240&zc=2', 'publishedAt': '2025-08-14T06:22:55Z', 'content': 'Shares of T. Rowe Price Group, Inc. (NASDAQ:TROW – Get Free Report) have been given a consensus recommendation of “Reduce” by the twelve ratings firms that are currently covering the stock, MarketBea… [+5563 chars]'}]"
T,"[{'source': {'id': None, 'name': 'Yahoo Entertainment'}, 'author': 'Soumya Eswaran', 'title': 'Atai Capital Management Sold Cable One (CABO), Recognizing the Mistake', 'description': 'Atai Capital Management, an investment management firm, recently released its second-quarter 2025 investor letter. A copy of the letter can be downloaded...', 'url': 'https://finance.yahoo.com/news/atai-capital-management-sold-cable-141041185.html', 'urlToImage': 'https://media.zenfs.com/en/insidermonkey.com/76a9a7d32eab95fb12b66b0331930abe', 'publishedAt': '2025-08-18T14:10:41Z', 'content': 'Atai Capital Management, an investment management firm, recently released its second-quarter 2025 investor letter. A copy of the letter can be downloaded here. The fund returned 32.8% in the second q… [+2943 chars]'}, {'source': {'id': None, 'name': 'Plos.org'}, 'author': 'Tong Yue, Minrui Jiang, Kotomi Onuki, Motoyuki Itoh, Ayako Tonoki', 'title': 'High-fat diet impairs intermediate-term memory by autophagic-lysosomal dysfunction in Drosophila', 'description': 'Author summary Recent research has shown that the high-fat diet (HFD) may increase the risk of memory problems and conditions like Alzheimer’s disease, but how these diets affect memory formation remains unclear. Our study used fruit flies as a simple model t…', 'url': 'https://journals.plos.org/plosgenetics/article?id=10.1371/journal.pgen.1011818', 'urlToImage': 'https://journals.plos.org/plosgenetics/article/figure/image?id=10.1371/journal.pgen.1011818.g006&size=inline', 'publishedAt': '2025-08-18T14:00:00Z', 'content': 'Citation: Yue T, Jiang M, Onuki K, Itoh M, Tonoki A (2025) High-fat diet impairs intermediate-term memory by autophagic-lysosomal dysfunction in Drosophila. PLoS Genet 21(8):\r\n e1011818.\r\nhttps://doi… [+61117 chars]'}, {'source': {'id': None, 'name': 'Plos.org'}, 'author': 'Wenli Dong, Wenying Han, Yue Xu, Jiwu Wang', 'title': 'Evaluation of the contemporary cultural landscape based on multi-dimensional value coupling: Case study on the Grand Canal, Hangzhou section', 'description': 'In the context of building the Grand Canal National Cultural Park, the heritage conservation of the Grand Canal has entered a new stage since its inscription as a World Heritage site. Scientifically evaluating the value of various cultural landscape projects …', 'url': 'https://journals.plos.org/plosone/article?id=10.1371/journal.pone.0330248', 'urlToImage': 'https://journals.plos.org/plosone/article/figure/image?id=10.1371/journal.pone.0330248.g008&size=inline', 'publishedAt': '2025-08-18T14:00:00Z', 'content': 'Citation: Dong W, Han W, Xu Y, Wang J (2025) Evaluation of the contemporary cultural landscape based on multi-dimensional value coupling: Case study on the Grand Canal, Hangzhou section. PLoS One 20(… [+44725 chars]'}, {'source': {'id': None, 'name': 'Plos.org'}, 'author': 'Shihao Li, Xuechun Li, Mingzhe Sun, Fuhua Li', 'title': 'An invertebrate NLR recognizes viral nucleic acids and balances the antiviral signaling pathway through interaction with STING and Cyclophilin A', 'description': 'Author summary Innate immune recognition is the jewel in the field of innate immunity. The discovery of different pattern recognition receptors, such as Toll-like receptors, has continually led to new breakthroughs in the field of innate immunity. As importan…', 'url': 'https://journals.plos.org/plospathogens/article?id=10.1371/journal.ppat.1013433', 'urlToImage': 'https://journals.plos.org/plospathogens/article/figure/image?id=10.1371/journal.ppat.1013433.g007&size=inline', 'publishedAt': '2025-08-18T14:00:00Z', 'content': 'Citation: Li S, Li X, Sun M, Li F (2025) An invertebrate NLR recognizes viral nucleic acids and balances the antiviral signaling pathway through interaction with STING and Cyclophilin A. PLoS Pathog … [+48524 chars]'}, {'source': {'id': None, 'name': 'Plos.org'}, 'author': 'Monnette F. Summers, MegAnn K. Haubold, Marcel Morgenstern, Phoenix Shepherd, Clairine I. S. Larsen, Ava E. Bartz, Gopishankar Thirumoorthy, Robert N. Kirchdoerfer, Joshua J. Coon, Kavi P. M. Mehta, Kinjal Majumder', 'title': 'Adeno-Associated Virus 2 (AAV2) - Induced RPA exhaustion generates cellular DNA damage and restricts viral gene expression', 'description': 'Author summary Adeno-Associated Viruses 2 (wtAAV2) are modified to design therapeutic gene therapy vectors, but how they interact with the guardians of host DNA remains unknown. In this work, we show that wtAAV2 genomes compete with the host cell for the sing…', 'url': 'https://journals.plos.org/plospathogens/article?id=10.1371/journal.ppat.1013142', 'urlToImage': 'https://journals.plos.org/plospathogens/article/figure/image?id=10.1371/journal.ppat.1013142.g006&size=inline', 'publishedAt': '2025-08-18T14:00:00Z', 'content': 'Citation: Summers MF, Haubold MK, Morgenstern M, Shepherd P, Larsen CIS, Bartz AE, et al. (2025) Adeno-Associated Virus 2 (AAV2) - Induced RPA exhaustion generates cellular DNA damage and restricts v… [+71050 chars]'}]"
